/*
  1_gather-setting.sql
  테스트 더미 데이터 전체
  실행 전제: 0_gather-setting.sql 실행 완료 상태

  브랜드 구성

  brand_id=1  카페 디아즈 : 성과 우수
  brand_platform_id 1~4  instagram / naver / kakao / google

  brand_id=2  카페 산정 : 성과 저조
  brand_platform_id 5~8  instagram / naver / kakao / google


  실행 순서 (FK 의존성 순)
  date_dimension → brand → brand_operation_profile → brand_platform
  → keyword_master → content_post
  → platform_metric_daily → post_metric_daily
  → search_performance_daily → keyword_performance_daily
  → platform_metric_monthly_summary → platform_metric_monthly_trend
  → performance_impact_analysis
  → strategy_recommendation → strategy_recommendation_item
  → customer_feedback (수기 더미: 구글맵 / 카카오맵 / 네이버 리뷰, FK 없음)
  → sns_guides       (FK 없음 — 플랫폼별 업로드 가이드 시드)
  → keywords         (FK 없음 — 업종별 키워드 시드, DEFAULT는 SELECT DISTINCT로 후삽입)

  3월 2026 공휴일: 3/1(삼일절) — 토요일이므로 is_weekend=TRUE & is_holiday=TRUE
  3월 요일 분포: 1(일),2(월),3(화),4(수),5(목),6(금),7(토)
                 8(일),9(월),10(화),...,14(토)
                 15(일),...,21(토)
                 22(일),...,28(토)
                 29(일),30(월),31(화)
  * 3/1은 토요일+삼일절 → is_weekend=TRUE, is_holiday=TRUE
*/

USE gather;
SET FOREIGN_KEY_CHECKS = 0;


-- ══════════════════════════════════════════════════════
-- 1. date_dimension  (2026-03-01 ~ 2026-03-31, 31행)
-- day_of_week: 1=월,2=화,3=수,4=목,5=금,6=토,7=일
-- ══════════════════════════════════════════════════════
INSERT IGNORE INTO date_dimension
  (date_key, full_date, year_no, half_no, quarter_no, month_no, month_name,
   week_of_year, week_of_month, day_of_month, day_of_week, day_name_kr,
   is_weekend, is_holiday, is_business_day, is_month_start, is_month_end,
   is_year_start, is_year_end, season_code, holiday_name)
VALUES
-- 3/1(토) 삼일절
(20260301,'2026-03-01',2026,1,1,3,'March', 9,1, 1,6,'토',TRUE, TRUE, FALSE,TRUE, FALSE,FALSE,FALSE,'spring','삼일절'),
-- 3/2(일)
(20260302,'2026-03-02',2026,1,1,3,'March', 9,1, 2,7,'일',TRUE, FALSE,FALSE,FALSE,FALSE,FALSE,FALSE,'spring',NULL),
-- 3/3(월)
(20260303,'2026-03-03',2026,1,1,3,'March',10,1, 3,1,'월',FALSE,FALSE,TRUE, FALSE,FALSE,FALSE,FALSE,'spring',NULL),
-- 3/4(화)
(20260304,'2026-03-04',2026,1,1,3,'March',10,1, 4,2,'화',FALSE,FALSE,TRUE, FALSE,FALSE,FALSE,FALSE,'spring',NULL),
-- 3/5(수)
(20260305,'2026-03-05',2026,1,1,3,'March',10,1, 5,3,'수',FALSE,FALSE,TRUE, FALSE,FALSE,FALSE,FALSE,'spring',NULL),
-- 3/6(목)
(20260306,'2026-03-06',2026,1,1,3,'March',10,1, 6,4,'목',FALSE,FALSE,TRUE, FALSE,FALSE,FALSE,FALSE,'spring',NULL),
-- 3/7(금)
(20260307,'2026-03-07',2026,1,1,3,'March',10,1, 7,5,'금',FALSE,FALSE,TRUE, FALSE,FALSE,FALSE,FALSE,'spring',NULL),
-- 3/8(토)
(20260308,'2026-03-08',2026,1,1,3,'March',10,2, 8,6,'토',TRUE, FALSE,FALSE,FALSE,FALSE,FALSE,FALSE,'spring',NULL),
-- 3/9(일)
(20260309,'2026-03-09',2026,1,1,3,'March',10,2, 9,7,'일',TRUE, FALSE,FALSE,FALSE,FALSE,FALSE,FALSE,'spring',NULL),
-- 3/10(월)
(20260310,'2026-03-10',2026,1,1,3,'March',11,2,10,1,'월',FALSE,FALSE,TRUE, FALSE,FALSE,FALSE,FALSE,'spring',NULL),
-- 3/11(화)
(20260311,'2026-03-11',2026,1,1,3,'March',11,2,11,2,'화',FALSE,FALSE,TRUE, FALSE,FALSE,FALSE,FALSE,'spring',NULL),
-- 3/12(수)
(20260312,'2026-03-12',2026,1,1,3,'March',11,2,12,3,'수',FALSE,FALSE,TRUE, FALSE,FALSE,FALSE,FALSE,'spring',NULL),
-- 3/13(목)
(20260313,'2026-03-13',2026,1,1,3,'March',11,2,13,4,'목',FALSE,FALSE,TRUE, FALSE,FALSE,FALSE,FALSE,'spring',NULL),
-- 3/14(금)
(20260314,'2026-03-14',2026,1,1,3,'March',11,2,14,5,'금',FALSE,FALSE,TRUE, FALSE,FALSE,FALSE,FALSE,'spring',NULL),
-- 3/15(토)
(20260315,'2026-03-15',2026,1,1,3,'March',11,3,15,6,'토',TRUE, FALSE,FALSE,FALSE,FALSE,FALSE,FALSE,'spring',NULL),
-- 3/16(일)
(20260316,'2026-03-16',2026,1,1,3,'March',11,3,16,7,'일',TRUE, FALSE,FALSE,FALSE,FALSE,FALSE,FALSE,'spring',NULL),
-- 3/17(월)
(20260317,'2026-03-17',2026,1,1,3,'March',12,3,17,1,'월',FALSE,FALSE,TRUE, FALSE,FALSE,FALSE,FALSE,'spring',NULL),
-- 3/18(화)
(20260318,'2026-03-18',2026,1,1,3,'March',12,3,18,2,'화',FALSE,FALSE,TRUE, FALSE,FALSE,FALSE,FALSE,'spring',NULL),
-- 3/19(수)
(20260319,'2026-03-19',2026,1,1,3,'March',12,3,19,3,'수',FALSE,FALSE,TRUE, FALSE,FALSE,FALSE,FALSE,'spring',NULL),
-- 3/20(목)
(20260320,'2026-03-20',2026,1,1,3,'March',12,3,20,4,'목',FALSE,FALSE,TRUE, FALSE,FALSE,FALSE,FALSE,'spring',NULL),
-- 3/21(금)
(20260321,'2026-03-21',2026,1,1,3,'March',12,3,21,5,'금',FALSE,FALSE,TRUE, FALSE,FALSE,FALSE,FALSE,'spring',NULL),
-- 3/22(토)
(20260322,'2026-03-22',2026,1,1,3,'March',12,4,22,6,'토',TRUE, FALSE,FALSE,FALSE,FALSE,FALSE,FALSE,'spring',NULL),
-- 3/23(일)
(20260323,'2026-03-23',2026,1,1,3,'March',12,4,23,7,'일',TRUE, FALSE,FALSE,FALSE,FALSE,FALSE,FALSE,'spring',NULL),
-- 3/24(월)
(20260324,'2026-03-24',2026,1,1,3,'March',13,4,24,1,'월',FALSE,FALSE,TRUE, FALSE,FALSE,FALSE,FALSE,'spring',NULL),
-- 3/25(화)
(20260325,'2026-03-25',2026,1,1,3,'March',13,4,25,2,'화',FALSE,FALSE,TRUE, FALSE,FALSE,FALSE,FALSE,'spring',NULL),
-- 3/26(수)
(20260326,'2026-03-26',2026,1,1,3,'March',13,4,26,3,'수',FALSE,FALSE,TRUE, FALSE,FALSE,FALSE,FALSE,'spring',NULL),
-- 3/27(목)
(20260327,'2026-03-27',2026,1,1,3,'March',13,4,27,4,'목',FALSE,FALSE,TRUE, FALSE,FALSE,FALSE,FALSE,'spring',NULL),
-- 3/28(금)
(20260328,'2026-03-28',2026,1,1,3,'March',13,4,28,5,'금',FALSE,FALSE,TRUE, FALSE,FALSE,FALSE,FALSE,'spring',NULL),
-- 3/29(토)
(20260329,'2026-03-29',2026,1,1,3,'March',13,5,29,6,'토',TRUE, FALSE,FALSE,FALSE,FALSE,FALSE,FALSE,'spring',NULL),
-- 3/30(일)
(20260330,'2026-03-30',2026,1,1,3,'March',13,5,30,7,'일',TRUE, FALSE,FALSE,FALSE,FALSE,FALSE,FALSE,'spring',NULL),
-- 3/31(월)
(20260331,'2026-03-31',2026,1,1,3,'March',14,5,31,1,'월',FALSE,FALSE,TRUE, FALSE,TRUE, FALSE,FALSE,'spring',NULL);


-- ══════════════════════════════════════════════════════
-- ■■■ 카페 디아즈 (brand_id=1) ■■■
-- 마케팅 성과 우수: 인스타그램 중심, 주말 피크 뚜렷, 꾸준한 팔로워 성장
-- brand_platform_id: 1=instagram, 2=naver, 3=kakao, 4=google
-- ══════════════════════════════════════════════════════

-- ──────────────────────────────────────────
-- 2-A. brand (카페 디아즈)
-- ──────────────────────────────────────────
INSERT IGNORE INTO brand
  (brand_id, user_id, brand_name, service_name, industry_type, location_name,
   address, phone, profile_image_url, created_at, updated_at)
VALUES
(1, NULL, '카페 디아즈', 'cafe_diaz', '카페 / 베이커리', '대전 은행동점',
 '대전 중구 은행동 157-2', '0423226868', NULL,
 '2026-01-10 09:00:00', '2026-03-01 09:00:00');

-- ──────────────────────────────────────────
-- 3-A. brand_operation_profile (카페 디아즈)
-- ──────────────────────────────────────────
INSERT IGNORE INTO brand_operation_profile
  (brand_id, open_time, close_time, regular_closed_weekday,
   weekend_impact_type, holiday_impact_type, peak_business_time, note, created_at, updated_at)
VALUES
(1, '09:00:00', '22:00:00', 2 /* 화요일 정기휴무 */,
 'positive', 'positive', '11:00-14:00, 17:00-20:00',
 '주말 방문객 비중 높음. 인스타 바이럴 이후 외지 방문 증가.',
 '2026-01-10 09:00:00', '2026-03-01 09:00:00');

-- ──────────────────────────────────────────
-- 4-A. brand_platform (카페 디아즈, 4개 채널)
-- ──────────────────────────────────────────
INSERT IGNORE INTO brand_platform
  (brand_platform_id, brand_id, platform_id, channel_name, channel_url,
   is_connected, token_status, connected_at, created_at, updated_at)
VALUES
(1, 1, 1, 'cafe_diaz',        'https://www.instagram.com/cafe_diaz',           TRUE, 'ACTIVE', '2026-01-10 10:00:00', '2026-01-10 10:00:00', '2026-01-10 10:00:00'),
(2, 1, 3, '카페디아즈_블로그', 'https://blog.naver.com/cafe_diaz',               TRUE, 'ACTIVE', '2026-01-10 10:05:00', '2026-01-10 10:05:00', '2026-01-10 10:05:00'),
(3, 1, 4, '@카페디아즈',       'https://pf.kakao.com/_cafediaz',                 TRUE, 'ACTIVE', '2026-01-10 10:10:00', '2026-01-10 10:10:00', '2026-01-10 10:10:00'),
(4, 1, 5, '카페 디아즈',       'https://maps.google.com/?cid=cafediaz_daejeon', TRUE, 'ACTIVE', '2026-01-10 10:15:00', '2026-01-10 10:15:00', '2026-01-10 10:15:00');

-- ──────────────────────────────────────────
-- 5-A. keyword_master (카페 디아즈)
-- ──────────────────────────────────────────
INSERT IGNORE INTO keyword_master (keyword_id, brand_id, keyword_text, keyword_type, created_at) VALUES
(1, 1, '대전 카페',       'generic', '2026-01-10 11:00:00'),
(2, 1, '은행동 카페',     'generic', '2026-01-10 11:01:00'),
(3, 1, '카페 디아즈',     'brand',   '2026-01-10 11:02:00'),
(4, 1, '대전 브런치',     'generic', '2026-01-10 11:03:00'),
(5, 1, '디아즈 라떼',     'menu',    '2026-01-10 11:04:00');

-- ──────────────────────────────────────────
-- 6-A. content_post (카페 디아즈 — 인스타그램 기준 주요 게시물 10건)
-- brand_platform_id=1 (instagram)
-- ──────────────────────────────────────────
INSERT IGNORE INTO content_post
  (post_id, brand_platform_id, post_title, post_type, post_body,
   published_at, published_date_key, published_hour, STATUS, created_at, updated_at)
VALUES
( 1, 1, '봄 시즌 체리블라썸 라떼 출시',    '이벤트형', '🌸 봄을 담은 한 잔, 체리블라썸 라떼가 출시되었습니다. 한정 수량이니 서둘러 방문해 주세요!', '2026-03-03 11:00:00', 20260303, 11, 'published', '2026-03-03 10:50:00', '2026-03-03 10:50:00'),
( 2, 1, '삼일절 특별 할인 이벤트',          '이벤트형', '🎌 삼일절을 맞아 전 메뉴 10% 할인 진행합니다. 봄날의 카페, 디아즈에서 함께해요.', '2026-03-01 10:00:00', 20260301, 10, 'published', '2026-02-28 21:00:00', '2026-02-28 21:00:00'),
( 3, 1, '주말 브런치 메뉴 소개',            '공지형',   '🥐 토·일 한정 브런치 세트를 소개합니다. 아메리카노+크로아상+샐러드 구성으로 가성비 최고!', '2026-03-07 09:00:00', 20260307,  9, 'published', '2026-03-06 22:00:00', '2026-03-06 22:00:00'),
( 4, 1, '3월 신메뉴 말차 케이크',           '이벤트형', '🍵 진한 말차의 풍미를 담은 말차 케이크가 나왔습니다. 디아즈만의 레시피로 만들어요.', '2026-03-10 13:00:00', 20260310, 13, 'published', '2026-03-10 12:30:00', '2026-03-10 12:30:00'),
( 5, 1, '카페 디아즈 3월 이벤트 총정리',    '공지형',   '📋 이번 달 진행 중인 이벤트를 한눈에! 팔로우하고 할인 혜택 놓치지 마세요.', '2026-03-12 18:00:00', 20260312, 18, 'published', '2026-03-12 17:30:00', '2026-03-12 17:30:00'),
( 6, 1, '봄 감성 인테리어 리뉴얼',          '공지형',   '✨ 봄을 맞아 디아즈 내부 인테리어를 리뉴얼했습니다. 더 예뻐진 공간에서 만나요!', '2026-03-14 15:00:00', 20260314, 15, 'published', '2026-03-14 14:30:00', '2026-03-14 14:30:00'),
( 7, 1, '시그니처 스콘 레시피 공개',         '리뷰형',   '💛 많은 분들이 물어보시는 디아즈 스콘 레시피! 오늘은 일부를 공개합니다 (전부는 비밀🤫)', '2026-03-17 12:00:00', 20260317, 12, 'published', '2026-03-17 11:30:00', '2026-03-17 11:30:00'),
( 8, 1, '봄 소풍 포장 세트 출시',           '이벤트형', '🧺 봄 나들이와 함께하는 디아즈 소풍 패키지! 음료+스낵 세트 예약 가능합니다.', '2026-03-21 10:00:00', 20260321, 10, 'published', '2026-03-20 22:00:00', '2026-03-20 22:00:00'),
( 9, 1, '리뷰 이벤트: 포토 리뷰 적립',      '리뷰형',   '📸 방문 후 인스타에 포토 리뷰 남기시면 음료 1잔 적립! 태그 잊지 마세요 #카페디아즈', '2026-03-24 17:00:00', 20260324, 17, 'published', '2026-03-24 16:30:00', '2026-03-24 16:30:00'),
(10, 1, '3월 마지막 주말 특별 메뉴',        '이벤트형', '🌷 3월 마지막 주말, 벚꽃 딸기 크림 음료 한정 출시! 수량 소진 시 종료됩니다.', '2026-03-28 10:00:00', 20260328, 10, 'published', '2026-03-27 22:00:00', '2026-03-27 22:00:00');

-- ──────────────────────────────────────────
-- 7-A. platform_metric_daily (카페 디아즈 — 4채널 × 31일)
-- 특징: 인스타그램 압도적 1위, 주말 spike, 삼일절(3/1) 높은 수치
-- engagement_score = (likes*1.5 + comments*3 + shares*2 + follower*5) / views * 100
-- ──────────────────────────────────────────

-- [카페 디아즈] instagram (brand_platform_id=1)
INSERT IGNORE INTO platform_metric_daily
  (brand_platform_id, date_key, total_likes, total_comments, total_shares, total_reviews, follower_growth, engagement_score, created_at)
VALUES
(1,20260301, 480, 62, 38, 0, 52, 42.38, '2026-03-01 23:59:00'), -- 삼일절(토) 높음
(1,20260302, 420, 55, 32, 0, 44, 38.72, '2026-03-02 23:59:00'), -- 일요일
(1,20260303, 210, 28, 18, 0, 24, 28.65, '2026-03-03 23:59:00'), -- 월
(1,20260304, 195, 25, 15, 0, 20, 27.36, '2026-03-04 23:59:00'), -- 화
(1,20260305, 218, 29, 17, 0, 22, 29.02, '2026-03-05 23:59:00'), -- 수
(1,20260306, 240, 32, 20, 0, 26, 30.96, '2026-03-06 23:59:00'), -- 목
(1,20260307, 295, 40, 25, 0, 35, 35.40, '2026-03-07 23:59:00'), -- 금
(1,20260308, 510, 68, 42, 0, 58, 44.65, '2026-03-08 23:59:00'), -- 토
(1,20260309, 462, 61, 38, 0, 50, 41.25, '2026-03-09 23:59:00'), -- 일
(1,20260310, 248, 33, 20, 0, 28, 30.68, '2026-03-10 23:59:00'), -- 월(신메뉴)
(1,20260311, 206, 27, 16, 0, 22, 28.14, '2026-03-11 23:59:00'),
(1,20260312, 320, 44, 28, 0, 38, 36.58, '2026-03-12 23:59:00'), -- 수(이벤트공지)
(1,20260313, 218, 29, 18, 0, 25, 29.28, '2026-03-13 23:59:00'),
(1,20260314, 345, 48, 30, 0, 42, 38.25, '2026-03-14 23:59:00'), -- 금(인테리어)
(1,20260315, 545, 72, 46, 0, 62, 46.50, '2026-03-15 23:59:00'), -- 토
(1,20260316, 490, 65, 40, 0, 55, 42.68, '2026-03-16 23:59:00'), -- 일
(1,20260317, 268, 36, 22, 0, 30, 31.86, '2026-03-17 23:59:00'), -- 월(레시피공개)
(1,20260318, 214, 28, 17, 0, 23, 28.48, '2026-03-18 23:59:00'),
(1,20260319, 222, 30, 18, 0, 24, 29.35, '2026-03-19 23:59:00'),
(1,20260320, 238, 32, 19, 0, 26, 30.63, '2026-03-20 23:59:00'),
(1,20260321, 335, 46, 29, 0, 40, 37.41, '2026-03-21 23:59:00'), -- 금(소풍세트)
(1,20260322, 568, 75, 48, 0, 65, 47.44, '2026-03-22 23:59:00'), -- 토
(1,20260323, 515, 68, 43, 0, 58, 43.62, '2026-03-23 23:59:00'), -- 일
(1,20260324, 368, 50, 31, 0, 44, 39.52, '2026-03-24 23:59:00'), -- 월(리뷰이벤트)
(1,20260325, 224, 30, 18, 0, 25, 29.57, '2026-03-25 23:59:00'),
(1,20260326, 232, 31, 19, 0, 26, 30.25, '2026-03-26 23:59:00'),
(1,20260327, 255, 34, 21, 0, 28, 32.10, '2026-03-27 23:59:00'),
(1,20260328, 390, 53, 33, 0, 48, 40.88, '2026-03-28 23:59:00'), -- 금(한정메뉴예고)
(1,20260329, 632, 84, 54, 0, 72, 50.34, '2026-03-29 23:59:00'), -- 토(최고)
(1,20260330, 558, 74, 47, 0, 63, 45.58, '2026-03-30 23:59:00'), -- 일
(1,20260331, 272, 36, 22, 0, 30, 32.22, '2026-03-31 23:59:00'); -- 월말

-- [카페 디아즈] naver blog (brand_platform_id=2)
-- 특징: 꾸준한 검색 유입, 리뷰 수가 인스타보다 많음, 주중 강세
INSERT IGNORE INTO platform_metric_daily
  (brand_platform_id, date_key, total_likes, total_comments, total_shares, total_reviews, follower_growth, engagement_score, created_at)
VALUES
(2,20260301, 88, 14,  6, 12,  8, 22.45, '2026-03-01 23:59:00'),
(2,20260302, 72, 11,  5,  9,  6, 19.21, '2026-03-02 23:59:00'),
(2,20260303,112, 18,  8, 16, 12, 27.35, '2026-03-03 23:59:00'),
(2,20260304,106, 17,  7, 14, 10, 25.98, '2026-03-04 23:59:00'),
(2,20260305,120, 19,  9, 18, 13, 29.24, '2026-03-05 23:59:00'),
(2,20260306,124, 20,  9, 19, 14, 30.00, '2026-03-06 23:59:00'),
(2,20260307,138, 22, 10, 21, 16, 32.43, '2026-03-07 23:59:00'),
(2,20260308,112, 18,  8, 15, 10, 27.35, '2026-03-08 23:59:00'),
(2,20260309, 96, 15,  7, 12,  8, 23.64, '2026-03-09 23:59:00'),
(2,20260310,128, 21,  9, 20, 14, 30.80, '2026-03-10 23:59:00'),
(2,20260311,114, 18,  8, 17, 12, 27.86, '2026-03-11 23:59:00'),
(2,20260312,132, 21,  9, 20, 15, 31.27, '2026-03-12 23:59:00'),
(2,20260313,124, 20,  8, 18, 13, 29.63, '2026-03-13 23:59:00'),
(2,20260314,142, 23, 10, 22, 17, 33.16, '2026-03-14 23:59:00'),
(2,20260315,116, 18,  8, 16, 11, 28.13, '2026-03-15 23:59:00'),
(2,20260316,100, 16,  7, 13,  9, 24.29, '2026-03-16 23:59:00'),
(2,20260317,136, 22, 10, 21, 16, 32.05, '2026-03-17 23:59:00'),
(2,20260318,118, 19,  8, 18, 13, 28.62, '2026-03-18 23:59:00'),
(2,20260319,122, 20,  8, 19, 13, 29.40, '2026-03-19 23:59:00'),
(2,20260320,126, 20,  9, 19, 14, 30.07, '2026-03-20 23:59:00'),
(2,20260321,148, 24, 11, 24, 18, 34.23, '2026-03-21 23:59:00'),
(2,20260322,118, 19,  8, 17, 11, 28.62, '2026-03-22 23:59:00'),
(2,20260323,102, 16,  7, 14,  9, 24.74, '2026-03-23 23:59:00'),
(2,20260324,152, 25, 11, 25, 19, 35.00, '2026-03-24 23:59:00'),
(2,20260325,132, 21,  9, 21, 15, 31.27, '2026-03-25 23:59:00'),
(2,20260326,136, 22, 10, 22, 16, 32.05, '2026-03-26 23:59:00'),
(2,20260327,140, 23, 10, 23, 17, 32.80, '2026-03-27 23:59:00'),
(2,20260328,154, 25, 11, 26, 19, 35.49, '2026-03-28 23:59:00'),
(2,20260329,124, 20,  9, 19, 12, 30.00, '2026-03-29 23:59:00'),
(2,20260330,108, 17,  7, 15,  9, 25.50, '2026-03-30 23:59:00'),
(2,20260331,146, 24, 10, 24, 18, 33.51, '2026-03-31 23:59:00');

-- [카페 디아즈] kakao channel (brand_platform_id=3)
-- 특징: 친구 수 안정적, 소식 반응 중간, 쿠폰 발행일 spike
INSERT IGNORE INTO platform_metric_daily
  (brand_platform_id, date_key, total_likes, total_comments, total_shares, total_reviews, follower_growth, engagement_score, created_at)
VALUES
(3,20260301, 42,  8, 12, 0, 14, 26.45, '2026-03-01 23:59:00'),
(3,20260302, 36,  7, 10, 0, 10, 23.70, '2026-03-02 23:59:00'),
(3,20260303, 30,  5,  8, 0,  7, 20.42, '2026-03-03 23:59:00'),
(3,20260304, 28,  5,  7, 0,  6, 19.33, '2026-03-04 23:59:00'),
(3,20260305, 30,  5,  8, 0,  7, 20.21, '2026-03-05 23:59:00'),
(3,20260306, 34,  6,  9, 0,  8, 22.20, '2026-03-06 23:59:00'),
(3,20260307, 58, 11, 16, 0, 18, 34.87, '2026-03-07 23:59:00'), -- 금 쿠폰 발행
(3,20260308, 66, 13, 18, 0, 20, 38.49, '2026-03-08 23:59:00'), -- 토
(3,20260309, 54, 10, 15, 0, 16, 32.08, '2026-03-09 23:59:00'),
(3,20260310, 36,  6,  9, 0,  8, 22.50, '2026-03-10 23:59:00'),
(3,20260311, 32,  6,  8, 0,  7, 20.83, '2026-03-11 23:59:00'),
(3,20260312, 40,  7, 10, 0, 10, 25.36, '2026-03-12 23:59:00'),
(3,20260313, 34,  6,  9, 0,  8, 22.35, '2026-03-13 23:59:00'),
(3,20260314, 62, 12, 17, 0, 20, 36.71, '2026-03-14 23:59:00'), -- 금 쿠폰
(3,20260315, 72, 14, 20, 0, 23, 41.09, '2026-03-15 23:59:00'), -- 토
(3,20260316, 58, 11, 16, 0, 19, 34.87, '2026-03-16 23:59:00'),
(3,20260317, 36,  6,  9, 0,  8, 22.50, '2026-03-17 23:59:00'),
(3,20260318, 32,  6,  8, 0,  7, 21.02, '2026-03-18 23:59:00'),
(3,20260319, 34,  6,  9, 0,  8, 22.35, '2026-03-19 23:59:00'),
(3,20260320, 36,  6,  9, 0,  8, 22.83, '2026-03-20 23:59:00'),
(3,20260321, 64, 12, 18, 0, 21, 37.88, '2026-03-21 23:59:00'), -- 금 쿠폰
(3,20260322, 76, 15, 21, 0, 24, 42.81, '2026-03-22 23:59:00'), -- 토
(3,20260323, 62, 12, 17, 0, 21, 36.71, '2026-03-23 23:59:00'),
(3,20260324, 40,  7, 10, 0, 10, 25.36, '2026-03-24 23:59:00'),
(3,20260325, 34,  6,  9, 0,  8, 22.35, '2026-03-25 23:59:00'),
(3,20260326, 36,  6,  9, 0,  8, 22.83, '2026-03-26 23:59:00'),
(3,20260327, 38,  7, 10, 0,  9, 24.00, '2026-03-27 23:59:00'),
(3,20260328, 68, 13, 19, 0, 22, 39.56, '2026-03-28 23:59:00'), -- 금 대형쿠폰
(3,20260329, 82, 16, 23, 0, 26, 45.58, '2026-03-29 23:59:00'), -- 토
(3,20260330, 66, 13, 18, 0, 22, 38.59, '2026-03-30 23:59:00'),
(3,20260331, 38,  7, 10, 0,  9, 24.11, '2026-03-31 23:59:00');

-- [카페 디아즈] google (brand_platform_id=4) — 리뷰 중심
INSERT IGNORE INTO platform_metric_daily
  (brand_platform_id, date_key, total_likes, total_comments, total_shares, total_reviews, follower_growth, engagement_score, created_at)
VALUES
(4,20260301, 0, 0, 0, 18, 0, 18.00, '2026-03-01 23:59:00'),
(4,20260302, 0, 0, 0, 14, 0, 14.00, '2026-03-02 23:59:00'),
(4,20260303, 0, 0, 0, 10, 0, 10.00, '2026-03-03 23:59:00'),
(4,20260304, 0, 0, 0,  9, 0,  9.00, '2026-03-04 23:59:00'),
(4,20260305, 0, 0, 0,  9, 0,  9.00, '2026-03-05 23:59:00'),
(4,20260306, 0, 0, 0, 10, 0, 10.00, '2026-03-06 23:59:00'),
(4,20260307, 0, 0, 0, 11, 0, 11.00, '2026-03-07 23:59:00'),
(4,20260308, 0, 0, 0, 20, 0, 20.00, '2026-03-08 23:59:00'),
(4,20260309, 0, 0, 0, 17, 0, 17.00, '2026-03-09 23:59:00'),
(4,20260310, 0, 0, 0, 11, 0, 11.00, '2026-03-10 23:59:00'),
(4,20260311, 0, 0, 0,  9, 0,  9.00, '2026-03-11 23:59:00'),
(4,20260312, 0, 0, 0, 11, 0, 11.00, '2026-03-12 23:59:00'),
(4,20260313, 0, 0, 0, 10, 0, 10.00, '2026-03-13 23:59:00'),
(4,20260314, 0, 0, 0, 12, 0, 12.00, '2026-03-14 23:59:00'),
(4,20260315, 0, 0, 0, 21, 0, 21.00, '2026-03-15 23:59:00'),
(4,20260316, 0, 0, 0, 18, 0, 18.00, '2026-03-16 23:59:00'),
(4,20260317, 0, 0, 0, 11, 0, 11.00, '2026-03-17 23:59:00'),
(4,20260318, 0, 0, 0, 10, 0, 10.00, '2026-03-18 23:59:00'),
(4,20260319, 0, 0, 0, 10, 0, 10.00, '2026-03-19 23:59:00'),
(4,20260320, 0, 0, 0, 11, 0, 11.00, '2026-03-20 23:59:00'),
(4,20260321, 0, 0, 0, 12, 0, 12.00, '2026-03-21 23:59:00'),
(4,20260322, 0, 0, 0, 23, 0, 23.00, '2026-03-22 23:59:00'),
(4,20260323, 0, 0, 0, 20, 0, 20.00, '2026-03-23 23:59:00'),
(4,20260324, 0, 0, 0, 14, 0, 14.00, '2026-03-24 23:59:00'),
(4,20260325, 0, 0, 0, 11, 0, 11.00, '2026-03-25 23:59:00'),
(4,20260326, 0, 0, 0, 11, 0, 11.00, '2026-03-26 23:59:00'),
(4,20260327, 0, 0, 0, 12, 0, 12.00, '2026-03-27 23:59:00'),
(4,20260328, 0, 0, 0, 15, 0, 15.00, '2026-03-28 23:59:00'),
(4,20260329, 0, 0, 0, 25, 0, 25.00, '2026-03-29 23:59:00'),
(4,20260330, 0, 0, 0, 22, 0, 22.00, '2026-03-30 23:59:00'),
(4,20260331, 0, 0, 0, 13, 0, 13.00, '2026-03-31 23:59:00');

-- ──────────────────────────────────────────
-- 8-A. post_metric_daily (카페 디아즈 — 주요 게시물 10건, 게시 후 3~5일)
-- ──────────────────────────────────────────
INSERT IGNORE INTO post_metric_daily
  (post_id, date_key, like_count, comment_count, share_count, follower_gain, review_count, save_count, click_count, created_at)
VALUES
-- post 1: 체리블라썸 라떼 (3/3 게시)
(1,20260303,140,18,12, 18, 0, 85, 62,'2026-03-03 23:59:00'),
(1,20260304, 88,11, 8, 10, 0, 52, 40,'2026-03-04 23:59:00'),
(1,20260305, 62, 8, 6,  7, 0, 36, 28,'2026-03-05 23:59:00'),
-- post 2: 삼일절 이벤트 (3/1 게시)
(2,20260301,252,32,20, 28, 0,140, 98,'2026-03-01 23:59:00'),
(2,20260302,128,16,10, 14, 0, 70, 49,'2026-03-02 23:59:00'),
-- post 3: 주말 브런치 (3/7 게시)
(3,20260307,105,14, 9, 14, 0, 62, 44,'2026-03-07 23:59:00'),
(3,20260308,275,36,23, 32, 0,152, 108,'2026-03-08 23:59:00'),
(3,20260309,190,25,16, 22, 0,106, 75,'2026-03-09 23:59:00'),
-- post 4: 말차 케이크 (3/10 게시)
(4,20260310,124,16,10, 16, 0, 72, 51,'2026-03-10 23:59:00'),
(4,20260311, 82,11, 7, 10, 0, 47, 33,'2026-03-11 23:59:00'),
(4,20260312, 56, 7, 5,  7, 0, 32, 23,'2026-03-12 23:59:00'),
-- post 7: 스콘 레시피 공개 (3/17 게시) — 저장율 최고
(7,20260317,108,14, 9, 14, 0,118, 52,'2026-03-17 23:59:00'),
(7,20260318,132,17,11, 18, 0,148, 64,'2026-03-18 23:59:00'), -- 다음날 더 확산
(7,20260319, 84,11, 7, 11, 0, 94, 41,'2026-03-19 23:59:00'),
-- post 8: 소풍 세트 (3/21 게시)
(8,20260321, 98,13, 8, 12, 0, 58, 41,'2026-03-21 23:59:00'),
(8,20260322,248,32,21, 30, 0,138, 98,'2026-03-22 23:59:00'),
(8,20260323,178,23,15, 21, 0, 99, 70,'2026-03-23 23:59:00'),
-- post 10: 한정 메뉴 (3/28 게시)
(10,20260328,118,15,10, 16, 0, 68, 48,'2026-03-28 23:59:00'),
(10,20260329,338,44,28, 40, 0,188,133,'2026-03-29 23:59:00'), -- 토요일 peak
(10,20260330,238,31,20, 28, 0,133, 94,'2026-03-30 23:59:00');

-- ──────────────────────────────────────────
-- 9-A. search_performance_daily (카페 디아즈 — naver, 주요일 발췌 15건)
-- ──────────────────────────────────────────
INSERT IGNORE INTO search_performance_daily
  (brand_id, date_key, search_engine, search_count, click_count, created_at)
VALUES
(1,20260301,'naver', 820, 312,'2026-03-01 23:59:00'),
(1,20260303,'naver', 680, 258,'2026-03-03 23:59:00'),
(1,20260305,'naver', 720, 274,'2026-03-05 23:59:00'),
(1,20260307,'naver', 860, 327,'2026-03-07 23:59:00'),
(1,20260308,'naver', 940, 357,'2026-03-08 23:59:00'),
(1,20260310,'naver', 780, 296,'2026-03-10 23:59:00'),
(1,20260312,'naver', 810, 308,'2026-03-12 23:59:00'),
(1,20260314,'naver', 890, 338,'2026-03-14 23:59:00'),
(1,20260315,'naver',1020, 387,'2026-03-15 23:59:00'),
(1,20260317,'naver', 840, 319,'2026-03-17 23:59:00'),
(1,20260319,'naver', 800, 304,'2026-03-19 23:59:00'),
(1,20260321,'naver', 920, 349,'2026-03-21 23:59:00'),
(1,20260322,'naver',1080, 410,'2026-03-22 23:59:00'),
(1,20260324,'naver', 880, 334,'2026-03-24 23:59:00'),
(1,20260328,'naver', 980, 372,'2026-03-28 23:59:00'),
(1,20260329,'naver',1150, 437,'2026-03-29 23:59:00');

-- ──────────────────────────────────────────
-- 10-A. keyword_performance_daily (카페 디아즈)
-- ──────────────────────────────────────────
INSERT IGNORE INTO keyword_performance_daily
  (keyword_id, date_key, search_count, click_count, rank_no, created_at)
VALUES
-- '대전 카페' (keyword_id=1)
(1,20260301, 3200,  820, 4,'2026-03-01 23:59:00'),
(1,20260308, 3400,  880, 3,'2026-03-08 23:59:00'),
(1,20260315, 3560,  920, 3,'2026-03-15 23:59:00'),
(1,20260322, 3720,  962, 2,'2026-03-22 23:59:00'),
(1,20260329, 3900, 1008, 2,'2026-03-29 23:59:00'),
-- '은행동 카페' (keyword_id=2)
(2,20260301, 1840,  580, 2,'2026-03-01 23:59:00'),
(2,20260308, 1960,  618, 1,'2026-03-08 23:59:00'),
(2,20260315, 2080,  656, 1,'2026-03-15 23:59:00'),
(2,20260322, 2200,  694, 1,'2026-03-22 23:59:00'),
(2,20260329, 2340,  738, 1,'2026-03-29 23:59:00'),
-- '카페 디아즈' (keyword_id=3)
(3,20260301, 1260,  462, 1,'2026-03-01 23:59:00'),
(3,20260308, 1480,  542, 1,'2026-03-08 23:59:00'),
(3,20260315, 1720,  630, 1,'2026-03-15 23:59:00'),
(3,20260322, 2040,  748, 1,'2026-03-22 23:59:00'),
(3,20260329, 2380,  872, 1,'2026-03-29 23:59:00'),
-- '대전 브런치' (keyword_id=4)
(4,20260307, 1120,  336, 3,'2026-03-07 23:59:00'),
(4,20260308, 1280,  384, 2,'2026-03-08 23:59:00'),
(4,20260315, 1360,  408, 2,'2026-03-15 23:59:00'),
(4,20260322, 1420,  426, 2,'2026-03-22 23:59:00'),
-- '디아즈 라떼' (keyword_id=5)
(5,20260303,  540,  216, 1,'2026-03-03 23:59:00'),
(5,20260310,  620,  248, 1,'2026-03-10 23:59:00'),
(5,20260317,  580,  232, 1,'2026-03-17 23:59:00'),
(5,20260324,  660,  264, 1,'2026-03-24 23:59:00');

-- ──────────────────────────────────────────
-- 11-A. platform_metric_monthly_summary (카페 디아즈 — 3월, 4채널)
-- 집계값은 platform_metric_daily 합산 기반
-- ──────────────────────────────────────────
INSERT IGNORE INTO platform_metric_monthly_summary
  (brand_platform_id, year_no, month_no, start_date_key, end_date_key,
   total_likes, total_comments, total_shares, total_reviews,
   follower_growth, engagement_score,
   channel_share_ratio, created_at, updated_at)
VALUES
-- instagram
(1, 2026, 3, 20260301, 20260331,
 11248, 1492, 942, 0,
 1283, 36.82,
 52.40,
 '2026-03-31 23:59:00','2026-03-31 23:59:00'),
-- naver
(2, 2026, 3, 20260301, 20260331,
 3632,  592, 272, 556,
  378, 28.96,
 28.16,
 '2026-03-31 23:59:00','2026-03-31 23:59:00'),
-- kakao
(3, 2026, 3, 20260301, 20260331,
 1480,  282, 396,   0,
  436, 29.62,
 13.81,
 '2026-03-31 23:59:00','2026-03-31 23:59:00'),
-- google(리뷰)
(4, 2026, 3, 20260301, 20260331,
    0,    0,   0, 434,
    0,  15.42,
  7.40,
 '2026-03-31 23:59:00','2026-03-31 23:59:00');

-- ──────────────────────────────────────────
-- 12-A. platform_metric_monthly_trend (카페 디아즈)
-- ──────────────────────────────────────────
INSERT IGNORE INTO platform_metric_monthly_trend
  (brand_platform_id, year_no, month_no, likes, comments, shares, followers, created_at)
VALUES
(1, 2026, 3, 11248, 1492,  942, 1283, '2026-03-31 23:59:00'),
(2, 2026, 3,  3632,  592,  272,  378, '2026-03-31 23:59:00'),
(3, 2026, 3,  1480,  282,  396,  436, '2026-03-31 23:59:00'),
(4, 2026, 3,     0,    0,    0,    0, '2026-03-31 23:59:00');

-- ──────────────────────────────────────────
-- 13-A. performance_impact_analysis (카페 디아즈 — 채널별 3월)
-- ──────────────────────────────────────────
INSERT IGNORE INTO performance_impact_analysis
  (brand_platform_id, analysis_period_type, base_year, base_month,
   weekend_effect_score, holiday_effect_score, best_day_of_week, worst_day_of_week, best_hour_range, created_at)
VALUES
(1,'month',2026,3, 38.24, 42.38, 6, 2, '17:00-20:00','2026-03-31 23:59:00'), -- instagram 토요일 최고
(2,'month',2026,3, 12.80, 22.45, 5, 7, '11:00-14:00','2026-03-31 23:59:00'), -- naver 금요일 최고
(3,'month',2026,3, 30.50, 26.45, 6, 4, '18:00-21:00','2026-03-31 23:59:00'), -- kakao 토요일 최고
(4,'month',2026,3, 20.18, 18.00, 7, 4, '12:00-15:00','2026-03-31 23:59:00'); -- google 일요일 최고(나들이)

-- ──────────────────────────────────────────
-- 14-A. strategy_recommendation (카페 디아즈)
-- ──────────────────────────────────────────
INSERT IGNORE INTO strategy_recommendation
  (strategy_id, brand_id, period_type, based_on_start_date, based_on_end_date,
   summary_text, generated_at, created_at)
VALUES
(1, 1, 'month', '2026-03-01', '2026-03-31',
 '인스타그램이 전체 노출의 52%를 차지하며 핵심 채널로 기능하고 있습니다. 주말(토·일) 도달률이 평일 대비 38% 높으며, 금요일 쿠폰 발행 시 카카오채널 반응이 최대 58% 상승합니다. 네이버 블로그는 검색 유입 전환에 강점을 보이며, 브랜드 키워드 순위가 3월 중 2위에서 1위로 상승했습니다.',
 '2026-03-31 23:59:59', '2026-03-31 23:59:59');

INSERT IGNORE INTO strategy_recommendation_item
  (strategy_id, sort_order, recommendation_title, platform_id, recommended_time_slot, content_type, detail_text, created_at)
VALUES
(1,1,'핵심 채널 집중 강화',  1,'17:00-20:00','이벤트형',
 '인스타그램 주말 저녁 이벤트 게시물의 평균 저장율이 3.8%로 업종 평균 대비 높습니다. 봄 시즌 한정 메뉴 비주얼 콘텐츠를 주 2회 이상 업로드하세요.',
 '2026-03-31 23:59:59'),
(1,2,'금요일 카카오 쿠폰 고정화',4,'18:00-19:00','공지형',
 '매주 금요일 카카오채널 쿠폰 발행 시 소식 열람율이 평균 대비 58% 상승합니다. 재방문 유도를 위한 주말 한정 쿠폰을 정례화하세요.',
 '2026-03-31 23:59:59'),
(1,3,'브랜드 키워드 SEO 강화', 3,'11:00-13:00','리뷰형',
 '네이버 블로그의 "은행동 카페" 키워드 순위가 2위로 안정화되었습니다. 방문 후기 유도 콘텐츠와 포토 리뷰 이벤트를 병행하면 검색 전환 추가 개선이 가능합니다.',
 '2026-03-31 23:59:59'),
(1,4,'구글 리뷰 캠페인 지속',  5,'상시','리뷰형',
 '구글 리뷰 월간 434건으로 로컬 신뢰도가 높습니다. 방문 고객 대상 QR 리뷰 유도를 지속하여 4.5점 이상 평점을 유지하세요.',
 '2026-03-31 23:59:59');

-- 15-A. customer_feedback (카페 디아즈 — feedback_source 폐기, 단일 테이블로 통합)
-- ──────────────────────────────────────────
INSERT IGNORE INTO customer_feedback
  (external_id, author_name, original_text, platform, TYPE, STATUS, ai_status, created_at, updated_at)
VALUES
('diaz-review-1','박서연','체리블라썸 라떼 너무 예쁘고 맛있어요! 인스타에서 보고 바로 달려왔습니다 🌸','INSTAGRAM','COMMENT','COMPLETED','DONE','2026-03-08 14:22:00','2026-03-08 15:10:00'),
('diaz-review-2','김민준','주말 브런치 세트 구성이 알차네요. 가성비 최고입니다. 또 올게요!',           'NAVER',    'REVIEW', 'COMPLETED','DONE','2026-03-15 11:38:00','2026-03-15 14:00:00'),
('diaz-review-3','이하은','봄 인테리어가 너무 감성적이에요. 사진 찍기 좋아서 자주 올 것 같아요.',   'GOOGLE',   'REVIEW', 'UNRESOLVED','IDLE','2026-03-22 16:05:00','2026-03-22 16:05:00'),
('diaz-review-4','최준혁','스콘이 맛있다고 해서 왔는데 기대 이상입니다. 카카오 쿠폰도 쓸 수 있어서 좋았어요.','KAKAO','COMMENT','UNRESOLVED','IDLE','2026-03-28 18:42:00','2026-03-28 18:42:00'),
('diaz-review-5','정다은','한정 딸기 음료 마시러 일부러 왔는데 줄이 길어도 기다릴 만한 가치가 있었어요!','INSTAGRAM','COMMENT','UNRESOLVED','IDLE','2026-03-29 13:15:00','2026-03-29 13:15:00');


-- ══════════════════════════════════════════════════════
-- ■■■ 카페 산정 (brand_id=2) ■■■
-- 열심히 운영하지만 마케팅 성과 저조:
--   인스타 팔로워 적음 / 게시물 반응률 낮음 / 키워드 순위 하위
--   네이버 블로그 방문 저조 / 카카오 친구 소수
--   구글 리뷰 소수, 검색 유입 적음
-- brand_platform_id: 5=instagram, 6=naver, 7=kakao, 8=google
-- ══════════════════════════════════════════════════════

-- ──────────────────────────────────────────
-- 2-B. brand (카페 산정)
-- ──────────────────────────────────────────
INSERT IGNORE INTO brand
  (brand_id, user_id, brand_name, service_name, industry_type, location_name,
   address, phone, profile_image_url, created_at, updated_at)
VALUES
(2, NULL, '카페 산정', 'cafe_sanjeong', '카페 / 베이커리', '대전 산정동점',
 '대전 유성구 산정로 112', '0427241234', NULL,
 '2026-01-15 09:00:00', '2026-03-01 09:00:00');

-- ──────────────────────────────────────────
-- 3-B. brand_operation_profile (카페 산정)
-- ──────────────────────────────────────────
INSERT IGNORE INTO brand_operation_profile
  (brand_id, open_time, close_time, regular_closed_weekday,
   weekend_impact_type, holiday_impact_type, peak_business_time, note, created_at, updated_at)
VALUES
(2, '10:00:00', '21:00:00', 3 /* 수요일 정기휴무 */,
 'neutral', 'neutral', '12:00-14:00',
 '주변 유동인구 적음. 단골 위주 운영. 인스타 시작한 지 4개월 경과.',
 '2026-01-15 09:00:00', '2026-03-01 09:00:00');

-- ──────────────────────────────────────────
-- 4-B. brand_platform (카페 산정, 4개 채널)
-- ──────────────────────────────────────────
INSERT IGNORE INTO brand_platform
  (brand_platform_id, brand_id, platform_id, channel_name, channel_url,
   is_connected, token_status, connected_at, created_at, updated_at)
VALUES
(5, 2, 1, 'cafe_sanjeong',   'https://www.instagram.com/cafe_sanjeong',         TRUE, 'ACTIVE', '2025-11-20 10:00:00', '2025-11-20 10:00:00', '2025-11-20 10:00:00'),
(6, 2, 3, '산정카페_블로그',  'https://blog.naver.com/cafe_sanjeong',             TRUE, 'ACTIVE', '2025-11-20 10:05:00', '2025-11-20 10:05:00', '2025-11-20 10:05:00'),
(7, 2, 4, '@카페산정',        'https://pf.kakao.com/_cafesanjeong',              TRUE, 'ACTIVE', '2026-01-15 10:10:00', '2026-01-15 10:10:00', '2026-01-15 10:10:00'),
(8, 2, 5, '카페 산정',        'https://maps.google.com/?cid=cafesanjeong_daejeon',TRUE,'ACTIVE','2026-01-15 10:15:00', '2026-01-15 10:15:00', '2026-01-15 10:15:00');

-- ──────────────────────────────────────────
-- 5-B. keyword_master (카페 산정)
-- ──────────────────────────────────────────
INSERT IGNORE INTO keyword_master (keyword_id, brand_id, keyword_text, keyword_type, created_at) VALUES
(6, 2, '대전 카페',     'generic', '2026-01-15 11:00:00'),
(7, 2, '유성구 카페',   'generic', '2026-01-15 11:01:00'),
(8, 2, '카페 산정',     'brand',   '2026-01-15 11:02:00'),
(9, 2, '산정동 브런치', 'generic', '2026-01-15 11:03:00');

-- ──────────────────────────────────────────
-- 6-B. content_post (카페 산정 — 인스타그램 기준 8건, 디아즈보다 게시 빈도 낮음)
-- brand_platform_id=5 (instagram)
-- ──────────────────────────────────────────
INSERT IGNORE INTO content_post
  (post_id, brand_platform_id, post_title, post_type, post_body,
   published_at, published_date_key, published_hour, STATUS, created_at, updated_at)
VALUES
(11, 5, '카페 산정 오픈 안내',      '공지형',   '안녕하세요 카페 산정입니다. 대전 유성구 산정동에서 찾아뵙겠습니다 :)', '2026-03-03 12:00:00', 20260303, 12, 'published', '2026-03-03 11:50:00', '2026-03-03 11:50:00'),
(12, 5, '오늘의 커피 메뉴',         '공지형',   '오늘도 맛있는 커피와 함께 좋은 하루 보내세요. 아메리카노, 라떼 준비되어 있습니다.', '2026-03-07 11:00:00', 20260307, 11, 'published', '2026-03-07 10:50:00', '2026-03-07 10:50:00'),
(13, 5, '주말 디저트 소개',         '이벤트형', '주말 한정 스콘+음료 세트를 준비했습니다. 오셔서 맛봐주세요!', '2026-03-14 10:00:00', 20260314, 10, 'published', '2026-03-14 09:50:00', '2026-03-14 09:50:00'),
(14, 5, '3월 신메뉴 흑당 밀크티',   '이벤트형', '봄 신메뉴 흑당 밀크티가 나왔습니다. 한번 와보세요~', '2026-03-17 13:00:00', 20260317, 13, 'published', '2026-03-17 12:50:00', '2026-03-17 12:50:00'),
(15, 5, '봄 분위기 카페 소개',      '공지형',   '봄 햇살이 내리쬐는 카페 산정, 가볍게 한 잔 하러 오세요.', '2026-03-21 11:00:00', 20260321, 11, 'published', '2026-03-21 10:50:00', '2026-03-21 10:50:00'),
(16, 5, '방문 감사 이벤트',         '리뷰형',   '저희 카페 방문해 주신 분들 감사합니다. 리뷰 남겨주시면 음료 쿠폰 드려요!', '2026-03-24 15:00:00', 20260324, 15, 'published', '2026-03-24 14:50:00', '2026-03-24 14:50:00'),
(17, 5, '3월 마감 이벤트',          '이벤트형', '3월 마지막 주! 단골 고객 감사 이벤트를 진행합니다. 많은 이용 바랍니다.', '2026-03-28 12:00:00', 20260328, 12, 'published', '2026-03-28 11:50:00', '2026-03-28 11:50:00'),
(18, 5, '오늘의 날씨와 커피 한 잔', '공지형',   '봄비 내리는 오늘, 따뜻한 커피 한 잔 어떠세요? 카페 산정에서 기다리고 있어요.', '2026-03-31 10:00:00', 20260331, 10, 'published', '2026-03-31 09:50:00', '2026-03-31 09:50:00');

-- ──────────────────────────────────────────
-- 7-B. platform_metric_daily (카페 산정 — 4채널 × 31일)
-- 특징: 전반적으로 낮은 수치, 주말 소폭 상승, 이벤트 반응 미미
-- ──────────────────────────────────────────

-- [카페 산정] instagram (brand_platform_id=5)
INSERT IGNORE INTO platform_metric_daily
  (brand_platform_id, date_key, total_likes, total_comments, total_shares, total_reviews, follower_growth, engagement_score, created_at)
VALUES
(5,20260301,  6, 1, 1, 0, 1,  8.29,'2026-03-01 23:59:00'),
(5,20260302,  7, 1, 1, 0, 1,  8.94,'2026-03-02 23:59:00'),
(5,20260303, 10, 1, 1, 0, 2, 10.94,'2026-03-03 23:59:00'),
(5,20260304,  7, 1, 1, 0, 1,  8.85,'2026-03-04 23:59:00'),
(5,20260305,  7, 1, 1, 0, 1,  8.82,'2026-03-05 23:59:00'),
(5,20260306,  8, 1, 1, 0, 1,  9.18,'2026-03-06 23:59:00'),
(5,20260307, 10, 2, 1, 0, 2, 10.55,'2026-03-07 23:59:00'),
(5,20260308, 12, 2, 1, 0, 2, 11.80,'2026-03-08 23:59:00'),
(5,20260309, 10, 2, 1, 0, 2, 10.47,'2026-03-09 23:59:00'),
(5,20260310,  8, 1, 1, 0, 1,  9.07,'2026-03-10 23:59:00'),
(5,20260311,  7, 1, 1, 0, 1,  8.67,'2026-03-11 23:59:00'),
(5,20260312,  8, 1, 1, 0, 1,  9.11,'2026-03-12 23:59:00'),
(5,20260313,  7, 1, 1, 0, 1,  8.65,'2026-03-13 23:59:00'),
(5,20260314, 11, 2, 1, 0, 2, 11.01,'2026-03-14 23:59:00'),
(5,20260315, 12, 2, 1, 0, 2, 11.28,'2026-03-15 23:59:00'),
(5,20260316, 11, 2, 1, 0, 2, 10.84,'2026-03-16 23:59:00'),
(5,20260317, 10, 1, 1, 0, 2, 10.08,'2026-03-17 23:59:00'),
(5,20260318,  7, 1, 1, 0, 1,  8.49,'2026-03-18 23:59:00'),
(5,20260319,  8, 1, 1, 0, 1,  9.09,'2026-03-19 23:59:00'),
(5,20260320,  8, 1, 1, 0, 1,  8.97,'2026-03-20 23:59:00'),
(5,20260321, 10, 1, 1, 0, 2,  9.78,'2026-03-21 23:59:00'),
(5,20260322, 13, 2, 1, 0, 2, 11.61,'2026-03-22 23:59:00'),
(5,20260323, 11, 2, 1, 0, 2, 10.67,'2026-03-23 23:59:00'),
(5,20260324, 11, 2, 1, 0, 2, 10.66,'2026-03-24 23:59:00'),
(5,20260325,  8, 1, 1, 0, 1,  9.02,'2026-03-25 23:59:00'),
(5,20260326,  8, 1, 1, 0, 1,  8.90,'2026-03-26 23:59:00'),
(5,20260327,  9, 1, 1, 0, 1,  9.02,'2026-03-27 23:59:00'),
(5,20260328, 12, 2, 1, 0, 2, 11.09,'2026-03-28 23:59:00'),
(5,20260329, 13, 2, 2, 0, 2, 11.68,'2026-03-29 23:59:00'),
(5,20260330, 12, 2, 1, 0, 2, 10.88,'2026-03-30 23:59:00'),
(5,20260331,  9, 1, 1, 0, 1,  9.19,'2026-03-31 23:59:00');

-- [카페 산정] naver blog (brand_platform_id=6)
INSERT IGNORE INTO platform_metric_daily
  (brand_platform_id, date_key, total_likes, total_comments, total_shares, total_reviews, follower_growth, engagement_score, created_at)
VALUES
(6,20260301,  3, 0, 1, 1, 0,  6.45,'2026-03-01 23:59:00'),
(6,20260302,  2, 0, 1, 1, 0,  5.74,'2026-03-02 23:59:00'),
(6,20260303,  4, 1, 1, 2, 1,  9.49,'2026-03-03 23:59:00'),
(6,20260304,  3, 0, 1, 1, 0,  6.86,'2026-03-04 23:59:00'),
(6,20260305,  3, 0, 1, 1, 0,  6.62,'2026-03-05 23:59:00'),
(6,20260306,  4, 1, 1, 1, 0,  8.75,'2026-03-06 23:59:00'),
(6,20260307,  4, 1, 1, 2, 1,  8.75,'2026-03-07 23:59:00'),
(6,20260308,  3, 0, 1, 1, 0,  6.67,'2026-03-08 23:59:00'),
(6,20260309,  3, 0, 1, 1, 0,  7.03,'2026-03-09 23:59:00'),
(6,20260310,  4, 1, 1, 2, 0,  8.93,'2026-03-10 23:59:00'),
(6,20260311,  3, 0, 1, 1, 0,  6.71,'2026-03-11 23:59:00'),
(6,20260312,  4, 1, 1, 2, 0,  9.15,'2026-03-12 23:59:00'),
(6,20260313,  3, 0, 1, 1, 0,  6.67,'2026-03-13 23:59:00'),
(6,20260314,  4, 1, 1, 2, 1,  8.80,'2026-03-14 23:59:00'),
(6,20260315,  3, 0, 1, 1, 0,  6.71,'2026-03-15 23:59:00'),
(6,20260316,  3, 0, 1, 1, 0,  7.27,'2026-03-16 23:59:00'),
(6,20260317,  4, 1, 1, 2, 1,  8.78,'2026-03-17 23:59:00'),
(6,20260318,  3, 0, 1, 1, 0,  6.25,'2026-03-18 23:59:00'),
(6,20260319,  3, 0, 1, 1, 0,  6.34,'2026-03-19 23:59:00'),
(6,20260320,  4, 1, 1, 2, 0,  9.07,'2026-03-20 23:59:00'),
(6,20260321,  4, 1, 1, 2, 1,  8.44,'2026-03-21 23:59:00'),
(6,20260322,  3, 0, 1, 1, 0,  6.41,'2026-03-22 23:59:00'),
(6,20260323,  3, 0, 1, 1, 0,  7.06,'2026-03-23 23:59:00'),
(6,20260324,  4, 1, 1, 2, 1,  8.37,'2026-03-24 23:59:00'),
(6,20260325,  3, 0, 1, 1, 0,  5.93,'2026-03-25 23:59:00'),
(6,20260326,  4, 1, 1, 2, 0,  9.09,'2026-03-26 23:59:00'),
(6,20260327,  4, 1, 1, 2, 0,  8.70,'2026-03-27 23:59:00'),
(6,20260328,  4, 1, 1, 2, 1,  8.20,'2026-03-28 23:59:00'),
(6,20260329,  3, 0, 1, 1, 0,  6.34,'2026-03-29 23:59:00'),
(6,20260330,  3, 0, 1, 1, 0,  6.94,'2026-03-30 23:59:00'),
(6,20260331,  4, 1, 1, 2, 1,  8.51,'2026-03-31 23:59:00');

-- [카페 산정] kakao channel (brand_platform_id=7)
INSERT IGNORE INTO platform_metric_daily
  (brand_platform_id, date_key, total_likes, total_comments, total_shares, total_reviews, follower_growth, engagement_score, created_at)
VALUES
(7,20260301, 2, 0, 1, 0, 0,  5.53,'2026-03-01 23:59:00'),
(7,20260302, 1, 0, 0, 0, 0,  3.13,'2026-03-02 23:59:00'),
(7,20260303, 1, 0, 0, 0, 0,  3.57,'2026-03-03 23:59:00'),
(7,20260304, 1, 0, 0, 0, 0,  3.85,'2026-03-04 23:59:00'),
(7,20260305, 1, 0, 0, 0, 0,  3.33,'2026-03-05 23:59:00'),
(7,20260306, 2, 0, 1, 0, 0,  5.29,'2026-03-06 23:59:00'),
(7,20260307, 3, 1, 1, 0, 1,  8.85,'2026-03-07 23:59:00'),
(7,20260308, 3, 1, 1, 0, 1,  8.28,'2026-03-08 23:59:00'),
(7,20260309, 2, 0, 1, 0, 0,  5.42,'2026-03-09 23:59:00'),
(7,20260310, 1, 0, 0, 0, 0,  3.13,'2026-03-10 23:59:00'),
(7,20260311, 1, 0, 0, 0, 0,  3.57,'2026-03-11 23:59:00'),
(7,20260312, 2, 0, 1, 0, 0,  5.29,'2026-03-12 23:59:00'),
(7,20260313, 1, 0, 0, 0, 0,  3.33,'2026-03-13 23:59:00'),
(7,20260314, 3, 1, 1, 0, 1,  8.57,'2026-03-14 23:59:00'),
(7,20260315, 3, 1, 1, 0, 1,  7.74,'2026-03-15 23:59:00'),
(7,20260316, 3, 1, 1, 0, 1,  8.33,'2026-03-16 23:59:00'),
(7,20260317, 2, 0, 1, 0, 0,  5.83,'2026-03-17 23:59:00'),
(7,20260318, 1, 0, 0, 0, 0,  3.33,'2026-03-18 23:59:00'),
(7,20260319, 1, 0, 0, 0, 0,  3.13,'2026-03-19 23:59:00'),
(7,20260320, 2, 0, 1, 0, 0,  5.29,'2026-03-20 23:59:00'),
(7,20260321, 3, 1, 1, 0, 1,  8.28,'2026-03-21 23:59:00'),
(7,20260322, 3, 1, 1, 0, 1,  7.50,'2026-03-22 23:59:00'),
(7,20260323, 3, 1, 1, 0, 1,  8.57,'2026-03-23 23:59:00'),
(7,20260324, 2, 0, 1, 0, 0,  5.25,'2026-03-24 23:59:00'),
(7,20260325, 1, 0, 0, 0, 0,  3.13,'2026-03-25 23:59:00'),
(7,20260326, 2, 0, 1, 0, 0,  5.29,'2026-03-26 23:59:00'),
(7,20260327, 2, 0, 1, 0, 0,  5.56,'2026-03-27 23:59:00'),
(7,20260328, 3, 1, 1, 0, 1,  8.00,'2026-03-28 23:59:00'),
(7,20260329, 4, 1, 2, 0, 1,  9.56,'2026-03-29 23:59:00'),
(7,20260330, 3, 1, 1, 0, 1,  8.28,'2026-03-30 23:59:00'),
(7,20260331, 2, 0, 1, 0, 0,  5.56,'2026-03-31 23:59:00');

-- [카페 산정] google (brand_platform_id=8) — 리뷰 매우 적음
INSERT IGNORE INTO platform_metric_daily
  (brand_platform_id, date_key, total_likes, total_comments, total_shares, total_reviews, follower_growth, engagement_score, created_at)
VALUES
(8,20260301, 0, 0, 0, 1, 0, 1.00,'2026-03-01 23:59:00'),
(8,20260302, 0, 0, 0, 1, 0, 1.00,'2026-03-02 23:59:00'),
(8,20260303, 0, 0, 0, 0, 0, 0.00,'2026-03-03 23:59:00'),
(8,20260304, 0, 0, 0, 0, 0, 0.00,'2026-03-04 23:59:00'),
(8,20260305, 0, 0, 0, 1, 0, 1.00,'2026-03-05 23:59:00'),
(8,20260306, 0, 0, 0, 1, 0, 1.00,'2026-03-06 23:59:00'),
(8,20260307, 0, 0, 0, 1, 0, 1.00,'2026-03-07 23:59:00'),
(8,20260308, 0, 0, 0, 2, 0, 2.00,'2026-03-08 23:59:00'),
(8,20260309, 0, 0, 0, 1, 0, 1.00,'2026-03-09 23:59:00'),
(8,20260310, 0, 0, 0, 1, 0, 1.00,'2026-03-10 23:59:00'),
(8,20260311, 0, 0, 0, 0, 0, 0.00,'2026-03-11 23:59:00'),
(8,20260312, 0, 0, 0, 1, 0, 1.00,'2026-03-12 23:59:00'),
(8,20260313, 0, 0, 0, 1, 0, 1.00,'2026-03-13 23:59:00'),
(8,20260314, 0, 0, 0, 1, 0, 1.00,'2026-03-14 23:59:00'),
(8,20260315, 0, 0, 0, 2, 0, 2.00,'2026-03-15 23:59:00'),
(8,20260316, 0, 0, 0, 1, 0, 1.00,'2026-03-16 23:59:00'),
(8,20260317, 0, 0, 0, 1, 0, 1.00,'2026-03-17 23:59:00'),
(8,20260318, 0, 0, 0, 0, 0, 0.00,'2026-03-18 23:59:00'),
(8,20260319, 0, 0, 0, 1, 0, 1.00,'2026-03-19 23:59:00'),
(8,20260320, 0, 0, 0, 1, 0, 1.00,'2026-03-20 23:59:00'),
(8,20260321, 0, 0, 0, 1, 0, 1.00,'2026-03-21 23:59:00'),
(8,20260322, 0, 0, 0, 2, 0, 2.00,'2026-03-22 23:59:00'),
(8,20260323, 0, 0, 0, 1, 0, 1.00,'2026-03-23 23:59:00'),
(8,20260324, 0, 0, 0, 1, 0, 1.00,'2026-03-24 23:59:00'),
(8,20260325, 0, 0, 0, 0, 0, 0.00,'2026-03-25 23:59:00'),
(8,20260326, 0, 0, 0, 1, 0, 1.00,'2026-03-26 23:59:00'),
(8,20260327, 0, 0, 0, 1, 0, 1.00,'2026-03-27 23:59:00'),
(8,20260328, 0, 0, 0, 1, 0, 1.00,'2026-03-28 23:59:00'),
(8,20260329, 0, 0, 0, 2, 0, 2.00,'2026-03-29 23:59:00'),
(8,20260330, 0, 0, 0, 1, 0, 1.00,'2026-03-30 23:59:00'),
(8,20260331, 0, 0, 0, 1, 0, 1.00,'2026-03-31 23:59:00');

-- ──────────────────────────────────────────
-- 8-B. post_metric_daily (카페 산정 — 게시물 8건, 반응 미미)
-- ──────────────────────────────────────────
INSERT IGNORE INTO post_metric_daily
  (post_id, date_key, like_count, comment_count, share_count, follower_gain, review_count, save_count, click_count, created_at)
VALUES
-- post 11: 오픈 안내 (3/3)
(11,20260303, 5, 1, 1, 1, 0,  4,  8,'2026-03-03 23:59:00'),
(11,20260304, 2, 0, 0, 0, 0,  1,  3,'2026-03-04 23:59:00'),
-- post 12: 오늘의 커피 (3/7)
(12,20260307, 5, 1, 1, 1, 0,  3,  9,'2026-03-07 23:59:00'),
(12,20260308, 6, 1, 1, 1, 0,  4, 11,'2026-03-08 23:59:00'),
-- post 13: 주말 디저트 (3/14)
(13,20260314, 6, 1, 1, 1, 0,  5, 10,'2026-03-14 23:59:00'),
(13,20260315, 7, 1, 1, 1, 0,  6, 12,'2026-03-15 23:59:00'),
-- post 14: 흑당 밀크티 (3/17)
(14,20260317, 5, 1, 1, 1, 0,  4,  8,'2026-03-17 23:59:00'),
(14,20260318, 3, 0, 0, 0, 0,  2,  5,'2026-03-18 23:59:00'),
-- post 15: 봄 분위기 (3/21)
(15,20260321, 5, 1, 1, 1, 0,  4,  9,'2026-03-21 23:59:00'),
(15,20260322, 6, 1, 1, 1, 0,  5, 11,'2026-03-22 23:59:00'),
-- post 17: 3월 마감 이벤트 (3/28)
(17,20260328, 6, 1, 1, 1, 0,  5, 10,'2026-03-28 23:59:00'),
(17,20260329, 7, 1, 1, 1, 0,  6, 12,'2026-03-29 23:59:00');

-- ──────────────────────────────────────────
-- 9-B. search_performance_daily (카페 산정 — naver, 검색량 낮음)
-- ──────────────────────────────────────────
INSERT IGNORE INTO search_performance_daily
  (brand_id, date_key, search_engine, search_count, click_count, created_at)
VALUES
(2,20260301,'naver',  62,  18,'2026-03-01 23:59:00'),
(2,20260303,'naver',  48,  14,'2026-03-03 23:59:00'),
(2,20260307,'naver',  72,  21,'2026-03-07 23:59:00'),
(2,20260308,'naver',  82,  24,'2026-03-08 23:59:00'),
(2,20260314,'naver',  78,  23,'2026-03-14 23:59:00'),
(2,20260315,'naver',  88,  26,'2026-03-15 23:59:00'),
(2,20260321,'naver',  74,  22,'2026-03-21 23:59:00'),
(2,20260322,'naver',  92,  27,'2026-03-22 23:59:00'),
(2,20260328,'naver',  84,  25,'2026-03-28 23:59:00'),
(2,20260329,'naver',  96,  28,'2026-03-29 23:59:00');

-- ──────────────────────────────────────────
-- 10-B. keyword_performance_daily (카페 산정 — 순위 낮음, 검색량 저조)
-- ──────────────────────────────────────────
INSERT IGNORE INTO keyword_performance_daily
  (keyword_id, date_key, search_count, click_count, rank_no, created_at)
VALUES
-- '대전 카페' (keyword_id=6, 같은 키워드지만 브랜드별 별도 추적)
(6,20260301, 3200,  38, 24,'2026-03-01 23:59:00'), -- 순위 최하위권
(6,20260308, 3400,  42, 22,'2026-03-08 23:59:00'),
(6,20260315, 3560,  44, 22,'2026-03-15 23:59:00'),
(6,20260322, 3720,  46, 21,'2026-03-22 23:59:00'),
(6,20260329, 3900,  50, 20,'2026-03-29 23:59:00'),
-- '유성구 카페' (keyword_id=7)
(7,20260301,  640,  22, 12,'2026-03-01 23:59:00'),
(7,20260308,  680,  24, 11,'2026-03-08 23:59:00'),
(7,20260315,  720,  25, 11,'2026-03-15 23:59:00'),
(7,20260322,  760,  26, 10,'2026-03-22 23:59:00'),
(7,20260329,  800,  28, 10,'2026-03-29 23:59:00'),
-- '카페 산정' (keyword_id=8) — 브랜드 검색 자체가 적음
(8,20260301,  48,  18,  1,'2026-03-01 23:59:00'), -- 1위지만 절대량 적음
(8,20260308,  52,  20,  1,'2026-03-08 23:59:00'),
(8,20260315,  56,  21,  1,'2026-03-15 23:59:00'),
(8,20260322,  60,  23,  1,'2026-03-22 23:59:00'),
(8,20260329,  68,  26,  1,'2026-03-29 23:59:00');

-- ──────────────────────────────────────────
-- 11-B. platform_metric_monthly_summary (카페 산정 — 3월, 4채널)
-- ──────────────────────────────────────────
INSERT IGNORE INTO platform_metric_monthly_summary
  (brand_platform_id, year_no, month_no, start_date_key, end_date_key,
   total_likes, total_comments, total_shares, total_reviews,
   follower_growth, engagement_score,
   channel_share_ratio, created_at, updated_at)
VALUES
-- instagram
(5, 2026, 3, 20260301, 20260331,
  286, 42, 34, 0,
   42,   9.86,
 51.22,
 '2026-03-31 23:59:00','2026-03-31 23:59:00'),
-- naver
(6, 2026, 3, 20260301, 20260331,
  104, 14, 32, 40,
   10,   7.38,
 31.33,
 '2026-03-31 23:59:00','2026-03-31 23:59:00'),
-- kakao
(7, 2026, 3, 20260301, 20260331,
   64,  12, 20,  0,
   10,   5.84,
 16.43,
 '2026-03-31 23:59:00','2026-03-31 23:59:00'),
-- google
(8, 2026, 3, 20260301, 20260331,
    0,   0,  0, 32,
    0,   1.03,
  0.00,
 '2026-03-31 23:59:00','2026-03-31 23:59:00');

-- ──────────────────────────────────────────
-- 12-B. platform_metric_monthly_trend (카페 산정)
-- ──────────────────────────────────────────
INSERT IGNORE INTO platform_metric_monthly_trend
  (brand_platform_id, year_no, month_no, likes, comments, shares, followers, created_at)
VALUES
(5, 2026, 3,  286, 42, 34, 42, '2026-03-31 23:59:00'),
(6, 2026, 3,  104, 14, 32, 10, '2026-03-31 23:59:00'),
(7, 2026, 3,   64, 12, 20, 10, '2026-03-31 23:59:00'),
(8, 2026, 3,    0,  0,  0,  0, '2026-03-31 23:59:00');

-- ──────────────────────────────────────────
-- 13-B. performance_impact_analysis (카페 산정 — 주말 효과 미미)
-- ──────────────────────────────────────────
INSERT IGNORE INTO performance_impact_analysis
  (brand_platform_id, analysis_period_type, base_year, base_month,
   weekend_effect_score, holiday_effect_score, best_day_of_week, worst_day_of_week, best_hour_range, created_at)
VALUES
(5,'month',2026,3,  8.42,  8.29, 6, 4, '11:00-13:00','2026-03-31 23:59:00'), -- 주말 효과 소폭
(6,'month',2026,3,  4.20,  6.45, 5, 7, '12:00-14:00','2026-03-31 23:59:00'),
(7,'month',2026,3,  7.10,  5.53, 5, 4, '17:00-19:00','2026-03-31 23:59:00'),
(8,'month',2026,3,  2.80,  1.00, 7, 3, '13:00-15:00','2026-03-31 23:59:00');

-- ──────────────────────────────────────────
-- 14-B. strategy_recommendation (카페 산정)
-- ──────────────────────────────────────────
INSERT IGNORE INTO strategy_recommendation
  (strategy_id, brand_id, period_type, based_on_start_date, based_on_end_date,
   summary_text, generated_at, created_at)
VALUES
(2, 2, 'month', '2026-03-01', '2026-03-31',
 '전 채널에 걸쳐 노출과 반응 수치가 낮은 상태입니다. 인스타그램 팔로워가 적어 게시물의 초기 노출 자체가 제한되고 있으며, 네이버 블로그는 검색 키워드 순위가 낮아 유입이 거의 없습니다. 카카오채널 친구 수가 적어 메시지 도달 범위가 좁고, 구글 리뷰 건수 부족으로 신뢰도 형성이 어렵습니다. 콘텐츠 게시 주기를 늘리고, 해시태그 전략과 지역 커뮤니티 연계를 통해 초기 노출 확대가 필요합니다.',
 '2026-03-31 23:59:59', '2026-03-31 23:59:59');

INSERT IGNORE INTO strategy_recommendation_item
  (strategy_id, sort_order, recommendation_title, platform_id, recommended_time_slot, content_type, detail_text, created_at)
VALUES
(2,1,'인스타그램 노출 확대 우선',  1,'17:00-20:00','이벤트형',
 '팔로워가 적은 초기 단계에서는 해시태그(#대전카페 #유성카페 등) 적극 활용이 필수입니다. 지역 맛집 계정 태그 및 릴스 형식 게시물로 알고리즘 노출을 늘리세요.',
 '2026-03-31 23:59:59'),
(2,2,'네이버 블로그 SEO 집중',     3,'11:00-13:00','리뷰형',
 '"유성구 카페" 키워드 순위가 10위권으로 검색 유입이 매우 낮습니다. 주요 키워드를 제목과 본문 앞부분에 배치하고, 방문 후기 중심 포스팅을 주 2회 이상 업로드하세요.',
 '2026-03-31 23:59:59'),
(2,3,'구글 리뷰 적극 유도',        5,'상시','리뷰형',
 '구글 리뷰가 월 32건으로 경쟁 카페 대비 현저히 낮습니다. 계산 시 QR코드를 통한 리뷰 요청, 리뷰 작성 고객 쿠폰 증정 등 오프라인 리뷰 유도 활동을 즉시 시작하세요.',
 '2026-03-31 23:59:59'),
(2,4,'카카오채널 친구 확보',       4,'18:00-19:00','공지형',
 '카카오채널 친구 수 확대를 위해 매장 내 채널 추가 안내 문구를 부착하고, 채널 추가 시 음료 쿠폰 증정 이벤트를 진행하세요. 현재 도달 범위가 너무 좁습니다.',
 '2026-03-31 23:59:59');

-- ──────────────────────────────────────────
-- 15-B. customer_feedback (카페 산정 — feedback_source 폐기, 단일 테이블로 통합)
-- ──────────────────────────────────────────
INSERT IGNORE INTO customer_feedback
  (external_id, author_name, original_text, platform, TYPE, STATUS, ai_status, created_at, updated_at)
VALUES
('sanjeong-review-1','이수진','조용하고 편한 카페예요. 주차하기 좋아서 자주 올 것 같아요.','NAVER',    'REVIEW', 'UNRESOLVED','IDLE','2026-03-15 13:22:00','2026-03-15 13:22:00'),
('sanjeong-review-2','황재원','동네 카페인데 분위기 괜찮네요. 커피 맛도 무난합니다.',       'GOOGLE',   'REVIEW', 'UNRESOLVED','IDLE','2026-03-22 15:40:00','2026-03-22 15:40:00'),
('sanjeong-review-3','김보미','오래된 단골인데 요즘 인스타도 시작했더라고요. 응원해요!',    'INSTAGRAM','COMMENT','UNRESOLVED','IDLE','2026-03-29 11:55:00','2026-03-29 11:55:00');


SET FOREIGN_KEY_CHECKS = 1;

/*
  실행 후 검증 쿼리
  ────────────────────────────────────────────────────────────────────
  -- 날짜 확인
  SELECT COUNT(*) FROM date_dimension WHERE month_no=3 AND year_no=2026; -- 31

  -- 브랜드 확인
  SELECT brand_id, brand_name FROM brand;

  -- 채널별 3월 리뷰 집계 (디아즈 vs 산정)
  SELECT bp.brand_id, b.brand_name, p.platform_code,
         SUM(pmd.total_reviews) AS total_reviews,
         SUM(pmd.follower_growth) AS total_followers
  FROM platform_metric_daily pmd
  JOIN brand_platform bp ON bp.brand_platform_id = pmd.brand_platform_id
  JOIN brand b ON b.brand_id = bp.brand_id
  JOIN platform p ON p.platform_id = bp.platform_id
  WHERE pmd.date_key BETWEEN 20260301 AND 20260331
  GROUP BY bp.brand_id, b.brand_name, p.platform_code
  ORDER BY bp.brand_id, total_reviews DESC;

  -- 월간 집계 확인
  SELECT bp.brand_id, p.platform_code, pms.total_reviews, pms.channel_share_ratio
  FROM platform_metric_monthly_summary pms
  JOIN brand_platform bp ON bp.brand_platform_id = pms.brand_platform_id
  JOIN platform p ON p.platform_id = bp.platform_id
  ORDER BY bp.brand_id, pms.total_reviews DESC;
  ────────────────────────────────────────────────────────────────────
*/

-- ══════════════════════════════════════════════════════
-- 4월 더미데이터 (2026-04-01 ~ 2026-04-24)
-- 카페 디아즈(brand_id=1) / 카페 산정(brand_id=2)
-- ══════════════════════════════════════════════════════

-- ══════════════════════════════════════════════════════
-- 1. date_dimension (2026-04-01 ~ 2026-04-24)
-- ══════════════════════════════════════════════════════
SET FOREIGN_KEY_CHECKS = 0;

INSERT IGNORE INTO date_dimension
  (date_key, full_date, year_no, half_no, quarter_no, month_no, month_name,
   week_of_year, week_of_month, day_of_month, day_of_week, day_name_kr,
   is_weekend, is_holiday, is_business_day, is_month_start, is_month_end,
   is_year_start, is_year_end, season_code, holiday_name)
VALUES
(20260401,'2026-04-01',2026,1,2,4,'April',14,1, 1,3,'수',FALSE,FALSE,TRUE, TRUE, FALSE,FALSE,FALSE,'spring',NULL),
(20260402,'2026-04-02',2026,1,2,4,'April',14,1, 2,4,'목',FALSE,FALSE,TRUE, FALSE,FALSE,FALSE,FALSE,'spring',NULL),
(20260403,'2026-04-03',2026,1,2,4,'April',14,1, 3,5,'금',FALSE,FALSE,TRUE, FALSE,FALSE,FALSE,FALSE,'spring',NULL),
(20260404,'2026-04-04',2026,1,2,4,'April',14,1, 4,6,'토',TRUE, FALSE,FALSE,FALSE,FALSE,FALSE,FALSE,'spring',NULL),
(20260405,'2026-04-05',2026,1,2,4,'April',14,1, 5,7,'일',TRUE, FALSE,FALSE,FALSE,FALSE,FALSE,FALSE,'spring',NULL),
(20260406,'2026-04-06',2026,1,2,4,'April',15,2, 6,1,'월',FALSE,FALSE,TRUE, FALSE,FALSE,FALSE,FALSE,'spring',NULL),
(20260407,'2026-04-07',2026,1,2,4,'April',15,2, 7,2,'화',FALSE,FALSE,TRUE, FALSE,FALSE,FALSE,FALSE,'spring',NULL),
(20260408,'2026-04-08',2026,1,2,4,'April',15,2, 8,3,'수',FALSE,FALSE,TRUE, FALSE,FALSE,FALSE,FALSE,'spring',NULL),
(20260409,'2026-04-09',2026,1,2,4,'April',15,2, 9,4,'목',FALSE,FALSE,TRUE, FALSE,FALSE,FALSE,FALSE,'spring',NULL),
(20260410,'2026-04-10',2026,1,2,4,'April',15,2,10,5,'금',FALSE,FALSE,TRUE, FALSE,FALSE,FALSE,FALSE,'spring',NULL),
(20260411,'2026-04-11',2026,1,2,4,'April',15,2,11,6,'토',TRUE, FALSE,FALSE,FALSE,FALSE,FALSE,FALSE,'spring',NULL),
(20260412,'2026-04-12',2026,1,2,4,'April',15,2,12,7,'일',TRUE, FALSE,FALSE,FALSE,FALSE,FALSE,FALSE,'spring',NULL),
(20260413,'2026-04-13',2026,1,2,4,'April',16,3,13,1,'월',FALSE,FALSE,TRUE, FALSE,FALSE,FALSE,FALSE,'spring',NULL),
(20260414,'2026-04-14',2026,1,2,4,'April',16,3,14,2,'화',FALSE,FALSE,TRUE, FALSE,FALSE,FALSE,FALSE,'spring',NULL),
(20260415,'2026-04-15',2026,1,2,4,'April',16,3,15,3,'수',FALSE,FALSE,TRUE, FALSE,FALSE,FALSE,FALSE,'spring',NULL),
(20260416,'2026-04-16',2026,1,2,4,'April',16,3,16,4,'목',FALSE,FALSE,TRUE, FALSE,FALSE,FALSE,FALSE,'spring',NULL),
(20260417,'2026-04-17',2026,1,2,4,'April',16,3,17,5,'금',FALSE,FALSE,TRUE, FALSE,FALSE,FALSE,FALSE,'spring',NULL),
(20260418,'2026-04-18',2026,1,2,4,'April',16,3,18,6,'토',TRUE, FALSE,FALSE,FALSE,FALSE,FALSE,FALSE,'spring',NULL),
(20260419,'2026-04-19',2026,1,2,4,'April',16,3,19,7,'일',TRUE, FALSE,FALSE,FALSE,FALSE,FALSE,FALSE,'spring',NULL),
(20260420,'2026-04-20',2026,1,2,4,'April',17,4,20,1,'월',FALSE,FALSE,TRUE, FALSE,FALSE,FALSE,FALSE,'spring',NULL),
(20260421,'2026-04-21',2026,1,2,4,'April',17,4,21,2,'화',FALSE,FALSE,TRUE, FALSE,FALSE,FALSE,FALSE,'spring',NULL),
(20260422,'2026-04-22',2026,1,2,4,'April',17,4,22,3,'수',FALSE,FALSE,TRUE, FALSE,FALSE,FALSE,FALSE,'spring',NULL),
(20260423,'2026-04-23',2026,1,2,4,'April',17,4,23,4,'목',FALSE,FALSE,TRUE, FALSE,FALSE,FALSE,FALSE,'spring',NULL),
(20260424,'2026-04-24',2026,1,2,4,'April',17,4,24,5,'금',FALSE,FALSE,TRUE, FALSE,FALSE,FALSE,FALSE,'spring',NULL);

INSERT IGNORE INTO platform_metric_daily
  (brand_platform_id, date_key, total_likes, total_comments,
   total_shares, total_reviews, follower_growth, engagement_score, created_at)
VALUES
-- ── 카페 디아즈 instagram (1) ──
(1,20260401,142,28,18, 0,12,41.20,'2026-04-01 23:59:59'),
(1,20260402,128,24,15, 0,10,38.50,'2026-04-02 23:59:59'),
(1,20260403,155,31,20, 0,14,43.80,'2026-04-03 23:59:59'),
(1,20260404,189,38,24, 0,18,48.20,'2026-04-04 23:59:59'),
(1,20260405,202,41,26, 0,19,50.10,'2026-04-05 23:59:59'),
(1,20260406,135,26,17, 0,11,39.60,'2026-04-06 23:59:59'),
(1,20260407,123,23,14, 0, 9,37.20,'2026-04-07 23:59:59'),
(1,20260408,132,25,16, 0,10,38.90,'2026-04-08 23:59:59'),
(1,20260409,148,29,19, 0,13,42.30,'2026-04-09 23:59:59'),
(1,20260410,164,33,21, 0,15,44.70,'2026-04-10 23:59:59'),
(1,20260411,195,39,25, 0,19,49.30,'2026-04-11 23:59:59'),
(1,20260412,208,42,27, 0,20,51.40,'2026-04-12 23:59:59'),
(1,20260413,138,27,17, 0,11,40.10,'2026-04-13 23:59:59'),
(1,20260414,126,24,15, 0, 9,37.80,'2026-04-14 23:59:59'),
(1,20260415,136,26,16, 0,11,39.40,'2026-04-15 23:59:59'),
(1,20260416,151,30,19, 0,13,42.80,'2026-04-16 23:59:59'),
(1,20260417,167,34,22, 0,15,45.20,'2026-04-17 23:59:59'),
(1,20260418,198,40,26, 0,19,49.80,'2026-04-18 23:59:59'),
(1,20260419,211,43,28, 0,21,52.30,'2026-04-19 23:59:59'),
(1,20260420,140,27,18, 0,12,40.50,'2026-04-20 23:59:59'),
(1,20260421,128,25,16, 0,10,38.10,'2026-04-21 23:59:59'),
(1,20260422,138,27,17, 0,11,39.80,'2026-04-22 23:59:59'),
(1,20260423,153,30,19, 0,13,43.10,'2026-04-23 23:59:59'),
(1,20260424,169,34,22, 0,15,45.60,'2026-04-24 23:59:59'),
-- ── 카페 디아즈 naver (2) ──
(2,20260401, 62,14, 8,22, 5,32.10,'2026-04-01 23:59:59'),
(2,20260402, 57,13, 7,19, 4,30.40,'2026-04-02 23:59:59'),
(2,20260403, 66,15, 9,24, 6,33.80,'2026-04-03 23:59:59'),
(2,20260404, 75,17,11,28, 7,36.20,'2026-04-04 23:59:59'),
(2,20260405, 80,18,12,30, 8,37.90,'2026-04-05 23:59:59'),
(2,20260406, 58,13, 7,20, 4,30.80,'2026-04-06 23:59:59'),
(2,20260407, 55,12, 7,18, 4,29.50,'2026-04-07 23:59:59'),
(2,20260408, 60,14, 8,21, 5,31.60,'2026-04-08 23:59:59'),
(2,20260409, 65,15, 9,23, 5,33.20,'2026-04-09 23:59:59'),
(2,20260410, 70,16,10,25, 6,34.90,'2026-04-10 23:59:59'),
(2,20260411, 78,18,11,27, 7,36.80,'2026-04-11 23:59:59'),
(2,20260412, 83,19,12,31, 8,38.60,'2026-04-12 23:59:59'),
(2,20260413, 60,13, 8,21, 4,31.10,'2026-04-13 23:59:59'),
(2,20260414, 56,13, 7,19, 4,29.90,'2026-04-14 23:59:59'),
(2,20260415, 61,14, 8,21, 5,31.80,'2026-04-15 23:59:59'),
(2,20260416, 66,15, 9,23, 5,33.50,'2026-04-16 23:59:59'),
(2,20260417, 71,16,10,26, 6,35.20,'2026-04-17 23:59:59'),
(2,20260418, 79,18,11,28, 7,37.10,'2026-04-18 23:59:59'),
(2,20260419, 85,19,12,32, 8,39.00,'2026-04-19 23:59:59'),
(2,20260420, 60,14, 8,21, 5,31.40,'2026-04-20 23:59:59'),
(2,20260421, 57,13, 7,20, 4,30.10,'2026-04-21 23:59:59'),
(2,20260422, 62,14, 8,22, 5,32.00,'2026-04-22 23:59:59'),
(2,20260423, 67,15, 9,24, 5,33.80,'2026-04-23 23:59:59'),
(2,20260424, 72,16,10,26, 6,35.50,'2026-04-24 23:59:59'),
-- ── 카페 디아즈 kakao (3) ──
(3,20260401, 48,10, 7, 0, 8,28.40,'2026-04-01 23:59:59'),
(3,20260402, 44, 9, 6, 0, 7,26.80,'2026-04-02 23:59:59'),
(3,20260403, 51,11, 8, 0, 9,30.10,'2026-04-03 23:59:59'),
(3,20260404, 61,13, 9, 0,11,33.60,'2026-04-04 23:59:59'),
(3,20260405, 65,14,10, 0,12,35.20,'2026-04-05 23:59:59'),
(3,20260406, 46,10, 7, 0, 8,27.30,'2026-04-06 23:59:59'),
(3,20260407, 43, 9, 6, 0, 7,25.90,'2026-04-07 23:59:59'),
(3,20260408, 47,10, 7, 0, 8,27.80,'2026-04-08 23:59:59'),
(3,20260409, 50,11, 7, 0, 8,29.40,'2026-04-09 23:59:59'),
(3,20260410, 54,12, 8, 0, 9,31.00,'2026-04-10 23:59:59'),
(3,20260411, 63,13, 9, 0,11,34.20,'2026-04-11 23:59:59'),
(3,20260412, 67,14,10, 0,12,36.00,'2026-04-12 23:59:59'),
(3,20260413, 47,10, 7, 0, 8,27.60,'2026-04-13 23:59:59'),
(3,20260414, 44, 9, 6, 0, 7,26.20,'2026-04-14 23:59:59'),
(3,20260415, 47,10, 7, 0, 8,28.00,'2026-04-15 23:59:59'),
(3,20260416, 51,11, 7, 0, 8,29.70,'2026-04-16 23:59:59'),
(3,20260417, 55,12, 8, 0, 9,31.40,'2026-04-17 23:59:59'),
(3,20260418, 65,14, 9, 0,11,34.80,'2026-04-18 23:59:59'),
(3,20260419, 69,15,10, 0,13,36.60,'2026-04-19 23:59:59'),
(3,20260420, 48,10, 7, 0, 8,28.10,'2026-04-20 23:59:59'),
(3,20260421, 44, 9, 6, 0, 7,26.50,'2026-04-21 23:59:59'),
(3,20260422, 48,10, 7, 0, 8,28.30,'2026-04-22 23:59:59'),
(3,20260423, 52,11, 8, 0, 9,30.00,'2026-04-23 23:59:59'),
(3,20260424, 56,12, 8, 0, 9,31.70,'2026-04-24 23:59:59'),
-- ── 카페 디아즈 google (4) ──
(4,20260401, 0, 0, 0,14, 0,16.20,'2026-04-01 23:59:59'),
(4,20260402, 0, 0, 0,12, 0,15.80,'2026-04-02 23:59:59'),
(4,20260403, 0, 0, 0,15, 0,16.50,'2026-04-03 23:59:59'),
(4,20260404, 0, 0, 0,18, 0,17.20,'2026-04-04 23:59:59'),
(4,20260405, 0, 0, 0,20, 0,17.80,'2026-04-05 23:59:59'),
(4,20260406, 0, 0, 0,13, 0,15.90,'2026-04-06 23:59:59'),
(4,20260407, 0, 0, 0,11, 0,15.50,'2026-04-07 23:59:59'),
(4,20260408, 0, 0, 0,13, 0,16.00,'2026-04-08 23:59:59'),
(4,20260409, 0, 0, 0,14, 0,16.30,'2026-04-09 23:59:59'),
(4,20260410, 0, 0, 0,16, 0,16.70,'2026-04-10 23:59:59'),
(4,20260411, 0, 0, 0,19, 0,17.50,'2026-04-11 23:59:59'),
(4,20260412, 0, 0, 0,21, 0,18.00,'2026-04-12 23:59:59'),
(4,20260413, 0, 0, 0,13, 0,16.00,'2026-04-13 23:59:59'),
(4,20260414, 0, 0, 0,12, 0,15.70,'2026-04-14 23:59:59'),
(4,20260415, 0, 0, 0,13, 0,16.10,'2026-04-15 23:59:59'),
(4,20260416, 0, 0, 0,15, 0,16.50,'2026-04-16 23:59:59'),
(4,20260417, 0, 0, 0,17, 0,16.90,'2026-04-17 23:59:59'),
(4,20260418, 0, 0, 0,20, 0,17.60,'2026-04-18 23:59:59'),
(4,20260419, 0, 0, 0,22, 0,18.20,'2026-04-19 23:59:59'),
(4,20260420, 0, 0, 0,14, 0,16.20,'2026-04-20 23:59:59'),
(4,20260421, 0, 0, 0,12, 0,15.80,'2026-04-21 23:59:59'),
(4,20260422, 0, 0, 0,14, 0,16.30,'2026-04-22 23:59:59'),
(4,20260423, 0, 0, 0,15, 0,16.60,'2026-04-23 23:59:59'),
(4,20260424, 0, 0, 0,17, 0,16.80,'2026-04-24 23:59:59'),
-- ── 카페 산정 instagram (5) ──
(5,20260401, 22, 4, 3, 0, 2,14.20,'2026-04-01 23:59:59'),
(5,20260402, 20, 4, 2, 0, 1,13.50,'2026-04-02 23:59:59'),
(5,20260403, 23, 5, 3, 0, 2,14.80,'2026-04-03 23:59:59'),
(5,20260404, 28, 6, 4, 0, 3,16.40,'2026-04-04 23:59:59'),
(5,20260405, 30, 6, 4, 0, 3,17.00,'2026-04-05 23:59:59'),
(5,20260406, 21, 4, 3, 0, 2,13.80,'2026-04-06 23:59:59'),
(5,20260407, 19, 4, 2, 0, 1,13.20,'2026-04-07 23:59:59'),
(5,20260408, 21, 4, 3, 0, 2,13.90,'2026-04-08 23:59:59'),
(5,20260409, 23, 5, 3, 0, 2,14.40,'2026-04-09 23:59:59'),
(5,20260410, 25, 5, 3, 0, 2,15.10,'2026-04-10 23:59:59'),
(5,20260411, 29, 6, 4, 0, 3,16.60,'2026-04-11 23:59:59'),
(5,20260412, 31, 6, 4, 0, 3,17.20,'2026-04-12 23:59:59'),
(5,20260413, 21, 4, 3, 0, 2,13.90,'2026-04-13 23:59:59'),
(5,20260414, 20, 4, 2, 0, 1,13.30,'2026-04-14 23:59:59'),
(5,20260415, 22, 4, 3, 0, 2,14.10,'2026-04-15 23:59:59'),
(5,20260416, 23, 5, 3, 0, 2,14.60,'2026-04-16 23:59:59'),
(5,20260417, 25, 5, 3, 0, 2,15.30,'2026-04-17 23:59:59'),
(5,20260418, 30, 6, 4, 0, 3,16.80,'2026-04-18 23:59:59'),
(5,20260419, 32, 7, 4, 0, 3,17.40,'2026-04-19 23:59:59'),
(5,20260420, 21, 4, 3, 0, 2,14.00,'2026-04-20 23:59:59'),
(5,20260421, 20, 4, 2, 0, 1,13.40,'2026-04-21 23:59:59'),
(5,20260422, 22, 4, 3, 0, 2,14.20,'2026-04-22 23:59:59'),
(5,20260423, 23, 5, 3, 0, 2,14.70,'2026-04-23 23:59:59'),
(5,20260424, 25, 5, 3, 0, 2,15.40,'2026-04-24 23:59:59'),
-- ── 카페 산정 naver (6) ──
(6,20260401, 11, 2, 1, 4, 1,11.20,'2026-04-01 23:59:59'),
(6,20260402, 10, 2, 1, 3, 1,10.80,'2026-04-02 23:59:59'),
(6,20260403, 12, 2, 1, 4, 1,11.60,'2026-04-03 23:59:59'),
(6,20260404, 14, 3, 2, 5, 2,12.80,'2026-04-04 23:59:59'),
(6,20260405, 16, 3, 2, 6, 2,13.40,'2026-04-05 23:59:59'),
(6,20260406, 10, 2, 1, 3, 1,10.90,'2026-04-06 23:59:59'),
(6,20260407, 10, 2, 1, 3, 1,10.60,'2026-04-07 23:59:59'),
(6,20260408, 11, 2, 1, 4, 1,11.10,'2026-04-08 23:59:59'),
(6,20260409, 12, 2, 1, 4, 1,11.40,'2026-04-09 23:59:59'),
(6,20260410, 13, 3, 2, 4, 1,11.90,'2026-04-10 23:59:59'),
(6,20260411, 15, 3, 2, 5, 2,12.90,'2026-04-11 23:59:59'),
(6,20260412, 16, 3, 2, 6, 2,13.50,'2026-04-12 23:59:59'),
(6,20260413, 11, 2, 1, 3, 1,11.00,'2026-04-13 23:59:59'),
(6,20260414, 10, 2, 1, 3, 1,10.70,'2026-04-14 23:59:59'),
(6,20260415, 11, 2, 1, 4, 1,11.20,'2026-04-15 23:59:59'),
(6,20260416, 12, 2, 1, 4, 1,11.50,'2026-04-16 23:59:59'),
(6,20260417, 13, 3, 2, 5, 1,12.10,'2026-04-17 23:59:59'),
(6,20260418, 15, 3, 2, 5, 2,13.10,'2026-04-18 23:59:59'),
(6,20260419, 17, 3, 2, 6, 2,13.70,'2026-04-19 23:59:59'),
(6,20260420, 11, 2, 1, 4, 1,11.20,'2026-04-20 23:59:59'),
(6,20260421, 10, 2, 1, 3, 1,10.80,'2026-04-21 23:59:59'),
(6,20260422, 11, 2, 1, 4, 1,11.30,'2026-04-22 23:59:59'),
(6,20260423, 12, 2, 1, 4, 1,11.60,'2026-04-23 23:59:59'),
(6,20260424, 13, 3, 2, 5, 1,12.20,'2026-04-24 23:59:59'),
-- ── 카페 산정 kakao (7) ──
(7,20260401,  6, 1, 1, 0, 1, 8.40,'2026-04-01 23:59:59'),
(7,20260402,  6, 1, 1, 0, 0, 8.10,'2026-04-02 23:59:59'),
(7,20260403,  7, 1, 1, 0, 1, 8.70,'2026-04-03 23:59:59'),
(7,20260404,  8, 2, 1, 0, 1, 9.40,'2026-04-04 23:59:59'),
(7,20260405,  9, 2, 1, 0, 1, 9.80,'2026-04-05 23:59:59'),
(7,20260406,  6, 1, 1, 0, 1, 8.30,'2026-04-06 23:59:59'),
(7,20260407,  6, 1, 1, 0, 0, 8.00,'2026-04-07 23:59:59'),
(7,20260408,  6, 1, 1, 0, 1, 8.50,'2026-04-08 23:59:59'),
(7,20260409,  7, 1, 1, 0, 1, 8.80,'2026-04-09 23:59:59'),
(7,20260410,  7, 2, 1, 0, 1, 9.10,'2026-04-10 23:59:59'),
(7,20260411,  8, 2, 1, 0, 1, 9.50,'2026-04-11 23:59:59'),
(7,20260412,  9, 2, 1, 0, 1, 9.90,'2026-04-12 23:59:59'),
(7,20260413,  6, 1, 1, 0, 1, 8.40,'2026-04-13 23:59:59'),
(7,20260414,  6, 1, 1, 0, 0, 8.10,'2026-04-14 23:59:59'),
(7,20260415,  6, 1, 1, 0, 1, 8.60,'2026-04-15 23:59:59'),
(7,20260416,  7, 1, 1, 0, 1, 8.90,'2026-04-16 23:59:59'),
(7,20260417,  7, 2, 1, 0, 1, 9.20,'2026-04-17 23:59:59'),
(7,20260418,  8, 2, 1, 0, 1, 9.60,'2026-04-18 23:59:59'),
(7,20260419,  9, 2, 1, 0, 1,10.00,'2026-04-19 23:59:59'),
(7,20260420,  6, 1, 1, 0, 1, 8.50,'2026-04-20 23:59:59'),
(7,20260421,  6, 1, 1, 0, 0, 8.20,'2026-04-21 23:59:59'),
(7,20260422,  6, 1, 1, 0, 1, 8.60,'2026-04-22 23:59:59'),
(7,20260423,  7, 1, 1, 0, 1, 8.90,'2026-04-23 23:59:59'),
(7,20260424,  7, 2, 1, 0, 1, 9.20,'2026-04-24 23:59:59'),
-- ── 카페 산정 google (8) ──
(8,20260401, 0, 0, 0, 3, 0, 7.20,'2026-04-01 23:59:59'),
(8,20260402, 0, 0, 0, 2, 0, 6.90,'2026-04-02 23:59:59'),
(8,20260403, 0, 0, 0, 3, 0, 7.40,'2026-04-03 23:59:59'),
(8,20260404, 0, 0, 0, 4, 0, 7.80,'2026-04-04 23:59:59'),
(8,20260405, 0, 0, 0, 5, 0, 8.10,'2026-04-05 23:59:59'),
(8,20260406, 0, 0, 0, 3, 0, 7.10,'2026-04-06 23:59:59'),
(8,20260407, 0, 0, 0, 2, 0, 6.80,'2026-04-07 23:59:59'),
(8,20260408, 0, 0, 0, 3, 0, 7.20,'2026-04-08 23:59:59'),
(8,20260409, 0, 0, 0, 3, 0, 7.30,'2026-04-09 23:59:59'),
(8,20260410, 0, 0, 0, 4, 0, 7.60,'2026-04-10 23:59:59'),
(8,20260411, 0, 0, 0, 4, 0, 7.90,'2026-04-11 23:59:59'),
(8,20260412, 0, 0, 0, 5, 0, 8.20,'2026-04-12 23:59:59'),
(8,20260413, 0, 0, 0, 3, 0, 7.10,'2026-04-13 23:59:59'),
(8,20260414, 0, 0, 0, 2, 0, 6.90,'2026-04-14 23:59:59'),
(8,20260415, 0, 0, 0, 3, 0, 7.20,'2026-04-15 23:59:59'),
(8,20260416, 0, 0, 0, 3, 0, 7.40,'2026-04-16 23:59:59'),
(8,20260417, 0, 0, 0, 4, 0, 7.70,'2026-04-17 23:59:59'),
(8,20260418, 0, 0, 0, 5, 0, 8.00,'2026-04-18 23:59:59'),
(8,20260419, 0, 0, 0, 5, 0, 8.30,'2026-04-19 23:59:59'),
(8,20260420, 0, 0, 0, 3, 0, 7.20,'2026-04-20 23:59:59'),
(8,20260421, 0, 0, 0, 2, 0, 6.90,'2026-04-21 23:59:59'),
(8,20260422, 0, 0, 0, 3, 0, 7.30,'2026-04-22 23:59:59'),
(8,20260423, 0, 0, 0, 4, 0, 7.50,'2026-04-23 23:59:59'),
(8,20260424, 0, 0, 0, 4, 0, 7.80,'2026-04-24 23:59:59');


-- ══════════════════════════════════════════════════════
-- 16. customer_feedback 수기 더미 데이터
--     출처: feedbacks_수기_더미데이터_0415.sql
--     구글맵 / 카카오맵 / 네이버 지도 리뷰
--     스키마 변경으로 feedback_source 없이 단일 테이블 직접 INSERT
--     external_id: 원문 URL 사용 (UNIQUE 보장)
--     네이버: URL 중복으로 author+date 조합 사용
-- ══════════════════════════════════════════════════════

-- ── 구글맵 리뷰
INSERT IGNORE INTO customer_feedback
  (external_id, author_name, original_text, origin_url, platform, TYPE, STATUS, ai_status, created_at, updated_at)
VALUES
('https://maps.app.goo.gl/a73sdqBCWzjykTEz7', 'Himummu Y',    '여기도 사람이 아주 바글바글 바닐라 에그타르트인가가 유명하다구 해서 방문한건데, 엄청 금방 sold out 되구,, 거의 2시간 더 기다려야 해서 포기하구 나왔습니다 ㅎㅎ', 'https://maps.app.goo.gl/a73sdqBCWzjykTEz7', 'GOOGLE', 'REVIEW', 'UNCHECKED', 'IDLE', '2026-03-25 14:20:11', NOW()),
('https://maps.app.goo.gl/zt1zae2MT9dgBP5G7', '김상훈',       '토요일 오후 빵이 없어요. 유성점과 비교하니 커피는 더 맛있어요. 주변 이면도로 주차했고요. 커피한잔에 데워주는 빵 조합 괜찮습니다. 분위기도 좋고요.',             'https://maps.app.goo.gl/zt1zae2MT9dgBP5G7', 'GOOGLE', 'REVIEW', 'UNCHECKED', 'IDLE', '2026-03-24 16:45:32', NOW()),
('https://maps.app.goo.gl/BWtdjCGGPK3g9PU69', '김갑환',       '너무 달아서 먹기 힘들다..',                                                                                                                                              'https://maps.app.goo.gl/BWtdjCGGPK3g9PU69', 'GOOGLE', 'REVIEW', 'UNCHECKED', 'IDLE', '2026-02-12 11:30:00', NOW()),
('https://maps.app.goo.gl/2kT9iTt3bmbRcjft6', '요미김',       '너무 맛있는 빵 그리고 너무 잘 어울리는 커피가 있는 곳🙃❤️…',                                                                                                            'https://maps.app.goo.gl/2kT9iTt3bmbRcjft6', 'GOOGLE', 'REVIEW', 'UNCHECKED', 'IDLE', '2026-01-14 13:15:45', NOW()),
('https://maps.app.goo.gl/rPTi56WgxRU4pQ4Y6', 'Chrissy',      '피스타치오 리본과 크림 브륄레 치즈 타르트가 정말 맛있어요! 안 드셔보셨다면 꼭 드셔보세요.',                                                                               'https://maps.app.goo.gl/rPTi56WgxRU4pQ4Y6', 'GOOGLE', 'REVIEW', 'UNCHECKED', 'IDLE', '2025-12-18 10:50:22', NOW()),
('https://maps.app.goo.gl/r8o9MeY2MTby4E9B7', 'Crane Silver',  '화장실은.. 남자여자 푯말구분은 있으나 세면대는 여자화장실칸 바로 앞이고 소변기없이 변기 하나씩 구조.ㅠ 직원친절하고 손님들이 결제에서 시간을 많이 잡아먹어 늦어짐.',  'https://maps.app.goo.gl/r8o9MeY2MTby4E9B7', 'GOOGLE', 'REVIEW', 'UNCHECKED', 'IDLE', '2025-11-20 15:05:33', NOW()),
('https://maps.app.goo.gl/8DwwTQPSp2peTGLt8', '윤진혁',       '',                                                                                                                                                                       'https://maps.app.goo.gl/8DwwTQPSp2peTGLt8', 'GOOGLE', 'REVIEW', 'UNCHECKED', 'IDLE', '2025-11-12 09:22:18', NOW()),
('https://maps.app.goo.gl/buP5u3gMw16HGTtE9', 'Adrian Seong', '꾸두뱅 베이커스 하우스는 갤러리아 백화점 타임 월드 대각선 건너편 골목안에 있으며, 둔산초등학교 뒤편에 위치한 건물 1층에 자리 잡고 있습니다.',                          'https://maps.app.goo.gl/buP5u3gMw16HGTtE9', 'GOOGLE', 'REVIEW', 'UNCHECKED', 'IDLE', '2025-11-05 17:40:55', NOW()),
('https://maps.app.goo.gl/vuS9ce2SkHtuvnHa6', 'PON',          '',                                                                                                                                                                       'https://maps.app.goo.gl/vuS9ce2SkHtuvnHa6', 'GOOGLE', 'REVIEW', 'UNCHECKED', 'IDLE', '2025-10-15 12:10:40', NOW()),
('https://maps.app.goo.gl/rYWy4W5kjqdZYpE69', '김정빈',       '사람은 붐비나 특별할 건 없다',                                                                                                                                           'https://maps.app.goo.gl/rYWy4W5kjqdZYpE69', 'GOOGLE', 'REVIEW', 'UNCHECKED', 'IDLE', '2025-08-20 14:55:02', NOW());

-- ── 카카오맵 리뷰
INSERT IGNORE INTO customer_feedback
  (external_id, author_name, original_text, origin_url, platform, TYPE, STATUS, ai_status, created_at, updated_at)
VALUES
('kakao-review-15217984', '버거빌런',                    '티라미슈는 스벅 보다도 못한데, 크림브륄레 페이스트리는 맛있었어요. 리본 크와상이랑 에그타르트는 그냥 무난하게 괜찮은데...',        'https://m.map.kakao.com/scheme/place?id=740243959&reviewid=15217984&openpage=review', 'KAKAO', 'REVIEW', 'UNCHECKED', 'IDLE', '2026-04-08 14:00:00', NOW()),
('kakao-review-15118794', '맛대맛',                      '',                                                                                                                                    'https://m.map.kakao.com/scheme/place?id=740243959&reviewid=15118794&openpage=review', 'KAKAO', 'REVIEW', 'UNCHECKED', 'IDLE', '2026-03-26 11:30:00', NOW()),
('kakao-review-15041702', '0',                           '휘낭시에 맛집이에요!마카다미아 추천 초코도 맛있어용',                                                                                 'https://m.map.kakao.com/scheme/place?id=740243959&reviewid=15041702&openpage=review', 'KAKAO', 'REVIEW', 'UNCHECKED', 'IDLE', '2026-03-15 15:20:00', NOW()),
('kakao-review-15040184', '4점부터믿고가',               '',                                                                                                                                    'https://m.map.kakao.com/scheme/place?id=740243959&reviewid=15040184&openpage=review', 'KAKAO', 'REVIEW', 'UNCHECKED', 'IDLE', '2026-03-15 17:45:00', NOW()),
('kakao-review-14930391', 'p0na',                        '',                                                                                                                                    'https://m.map.kakao.com/scheme/place?id=740243959&reviewid=14930391&openpage=review', 'KAKAO', 'REVIEW', 'UNCHECKED', 'IDLE', '2026-02-28 10:10:00', NOW()),
('kakao-review-14250282', '잉',                          '맛있는 빵 많음 크림브륄레 패스츄리 강추 티라미수 데니쉬 바삭하니 크림도 맛있고 추천 !! +) 두바이는 11:30 에 나오는데...',           'https://m.map.kakao.com/scheme/place?id=740243959&reviewid=14250282&openpage=review', 'KAKAO', 'REVIEW', 'UNCHECKED', 'IDLE', '2026-02-20 12:00:00', NOW()),
('kakao-review-14835138', '맛있었던 곳만 별점 남김',     '코코넛휘낭시에',                                                                                                                      'https://m.map.kakao.com/scheme/place?id=740243959&reviewid=14835138&openpage=review', 'KAKAO', 'REVIEW', 'UNCHECKED', 'IDLE', '2026-02-16 09:30:00', NOW()),
('kakao-review-14474596', 'onoff',                       '코코넛휘낭시에 연어루꼴라샌드위치 마늘바게트 누네띠네 에그타르트 지금까지 먹어본 빵집 중에 제일 맛있어요 🥹...',                    'https://m.map.kakao.com/scheme/place?id=740243959&reviewid=14474596&openpage=review', 'KAKAO', 'REVIEW', 'UNCHECKED', 'IDLE', '2026-02-14 13:40:00', NOW()),
('kakao-review-14793579', '냠',                          '망고타르트 맛있음',                                                                                                                    'https://m.map.kakao.com/scheme/place?id=740243959&reviewid=14793579&openpage=review', 'KAKAO', 'REVIEW', 'UNCHECKED', 'IDLE', '2026-02-10 16:15:00', NOW()),
('kakao-review-14629241', '맛집저장용',                  '빵쟁이들에게 그저 천국. 빵의 퀄리티가 상당히 높다',                                                                                   'https://m.map.kakao.com/scheme/place?id=740243959&reviewid=14629241&openpage=review', 'KAKAO', 'REVIEW', 'UNCHECKED', 'IDLE', '2026-01-18 11:00:00', NOW()),
('kakao-review-14607750', '송',                          '정말 와..👏👏👏👏👏👏 커서 빵 자를 때 으깨지며 무너질 거 같았는데 형태 유지된 상태로 파삭하게 잘림...',                              'https://m.map.kakao.com/scheme/place?id=740243959&reviewid=14607750&openpage=review', 'KAKAO', 'REVIEW', 'UNCHECKED', 'IDLE', '2026-01-16 14:50:00', NOW()),
('kakao-review-14531374', '355/113',                     '맛있고 빵 종류도 많고 좋아요',                                                                                                        'https://m.map.kakao.com/scheme/place?id=740243959&reviewid=14531374&openpage=review', 'KAKAO', 'REVIEW', 'UNCHECKED', 'IDLE', '2026-01-04 12:25:00', NOW()),
('kakao-review-14442304', '능이버섯',                    '',                                                                                                                                    'https://m.map.kakao.com/scheme/place?id=740243959&reviewid=14442304&openpage=review', 'KAKAO', 'REVIEW', 'UNCHECKED', 'IDLE', '2025-12-23 15:00:00', NOW()),
('kakao-review-14330255', '나래',                        '멋진공간,맛있는빵 한가득',                                                                                                             'https://m.map.kakao.com/scheme/place?id=740243959&reviewid=14330255&openpage=review', 'KAKAO', 'REVIEW', 'UNCHECKED', 'IDLE', '2025-12-07 11:10:00', NOW()),
('kakao-review-14330239', '이야호',                      '케이크가 맛있고 직원분들이 너무 친절해요🙂',                                                                                          'https://m.map.kakao.com/scheme/place?id=740243959&reviewid=14330239&openpage=review', 'KAKAO', 'REVIEW', 'UNCHECKED', 'IDLE', '2025-12-07 14:35:00', NOW()),
('kakao-review-14242216', '해피삼식이',                  '휘낭시에 손가락만게 3000원?? 대단한 맛은 아닌데 휘낭시에 2점 에그타르트는 5점...',                                                   'https://m.map.kakao.com/scheme/place?id=740243959&reviewid=14242216&openpage=review', 'KAKAO', 'REVIEW', 'UNCHECKED', 'IDLE', '2025-11-24 16:20:00', NOW()),
('kakao-review-14194379', '앵무집사',                    '토요일 3시쯤 갔더니 남은 메뉴가 많이 없고 카페 자리도 없어서...',                                                                     'https://m.map.kakao.com/scheme/place?id=740243959&reviewid=14194379&openpage=review', 'KAKAO', 'REVIEW', 'UNCHECKED', 'IDLE', '2025-11-18 15:40:00', NOW()),
('kakao-review-14146422', 'yejin',                       '지난 4월, 대전 여행갔을때 휘낭시에 포장한거 먹었는데 정말 맛있었어요.',                                                                'https://m.map.kakao.com/scheme/place?id=740243959&reviewid=14146422&openpage=review', 'KAKAO', 'REVIEW', 'UNCHECKED', 'IDLE', '2025-11-11 10:15:00', NOW()),
('kakao-review-14028920', '여치',                        '빵이너무 빨리매진돼서 두번가야했음...',                                                                                                'https://m.map.kakao.com/scheme/place?id=740243959&reviewid=14028920&openpage=review', 'KAKAO', 'REVIEW', 'UNCHECKED', 'IDLE', '2025-10-26 18:00:00', NOW()),
('kakao-review-13859936', '진중리뷰어',                  '에그타르트, 보늬밤 미쳣음. 샌드위치도 브런치로 나오는 2종 베이컨 어쩌구랑 소세지 빵 먹엇는데 와우 존맛!',                           'https://m.map.kakao.com/scheme/place?id=740243959&reviewid=13859936&openpage=review', 'KAKAO', 'REVIEW', 'UNCHECKED', 'IDLE', '2026-04-01 12:00:00', NOW()),
('kakao-review-13774039', '왈라비',                      '맛은 있긴하나 대체로 기름짐. 가성비 안좋은 동네인거 감안해도 비싼가격...',                                                            'https://m.map.kakao.com/scheme/place?id=740243959&reviewid=13774039&openpage=review', 'KAKAO', 'REVIEW', 'UNCHECKED', 'IDLE', '2025-09-23 15:30:00', NOW()),
('kakao-review-13697387', '쿠냐',                        '가격에 비해 좀 아쉽고. 에그타르트는 제가 주말 점심시간 좀 지났을 때만 가서 그런지...',                                               'https://m.map.kakao.com/scheme/place?id=740243959&reviewid=13697387&openpage=review', 'KAKAO', 'REVIEW', 'UNCHECKED', 'IDLE', '2025-09-12 14:10:00', NOW()),
('kakao-review-13542973', 'ㅡ',                          '맛은 있는데 포장 속도 넘넘 느려요... 회전율 말 안됨 ㅠㅠㅠ 개선 필오해보여요!',                                                       'https://m.map.kakao.com/scheme/place?id=740243959&reviewid=13542973&openpage=review', 'KAKAO', 'REVIEW', 'UNCHECKED', 'IDLE', '2025-08-23 17:20:00', NOW()),
('kakao-review-12970324', '후기미제공 거름+나름 입맛 깐깐함', '연어 어쩌구 크로와상, 하몽 어쩌구 크로와상 샌드위치들은 진짜… 천상계 맛임…🥹👍...',                                          'https://m.map.kakao.com/scheme/place?id=740243959&reviewid=12970324&openpage=review', 'KAKAO', 'REVIEW', 'UNCHECKED', 'IDLE', '2025-08-18 11:45:00', NOW()),
('kakao-review-13491739', '먹생먹사',                    '',                                                                                                                                    'https://m.map.kakao.com/scheme/place?id=740243959&reviewid=13491739&openpage=review', 'KAKAO', 'REVIEW', 'UNCHECKED', 'IDLE', '2025-08-17 13:00:00', NOW()),
('kakao-review-13434636', '지면기',                      '하몽 크로와상 샌드위치랑 피스타치오 리본 강추⭐️⭐️⭐️⭐️⭐️...',                                                                     'https://m.map.kakao.com/scheme/place?id=740243959&reviewid=13434636&openpage=review', 'KAKAO', 'REVIEW', 'UNCHECKED', 'IDLE', '2025-08-10 16:30:00', NOW()),
('kakao-review-13398540', '먕',                          '가격에 비해 아쉽다 잠봉뵈르 샌드위치 안에 땅콩버터 맛 나는 스프레드가 있는데...',                                                     'https://m.map.kakao.com/scheme/place?id=740243959&reviewid=13398540&openpage=review', 'KAKAO', 'REVIEW', 'UNCHECKED', 'IDLE', '2025-08-06 14:20:00', NOW()),
('kakao-review-13332253', 'y_xrxx',                      '에그타르트, 솔티초코휘낭시에 맛집',                                                                                                   'https://m.map.kakao.com/scheme/place?id=740243959&reviewid=13332253&openpage=review', 'KAKAO', 'REVIEW', 'UNCHECKED', 'IDLE', '2025-07-29 11:15:00', NOW()),
('kakao-review-13313712', '맛있어...',                   '빠삭한 휘낭시에 드디어 찾았다',                                                                                                       'https://m.map.kakao.com/scheme/place?id=740243959&reviewid=13313712&openpage=review', 'KAKAO', 'REVIEW', 'UNCHECKED', 'IDLE', '2025-07-27 15:50:00', NOW()),
('kakao-review-13292388', 'mj',                          '',                                                                                                                                    'https://m.map.kakao.com/scheme/place?id=740243959&reviewid=13292388&openpage=review', 'KAKAO', 'REVIEW', 'UNCHECKED', 'IDLE', '2025-07-24 10:00:00', NOW()),
('kakao-review-13272092', '🍀',                         '👍👍',                                                                                                                                'https://m.map.kakao.com/scheme/place?id=740243959&reviewid=13272092&openpage=review', 'KAKAO', 'REVIEW', 'UNCHECKED', 'IDLE', '2025-07-22 17:05:00', NOW()),
('kakao-review-13268128', '맛난거킬러',                  '',                                                                                                                                    'https://m.map.kakao.com/scheme/place?id=740243959&reviewid=13268128&openpage=review', 'KAKAO', 'REVIEW', 'UNCHECKED', 'IDLE', '2025-07-21 14:30:00', NOW()),
('kakao-review-13262980', '🤰',                         '라떼 맛집인듯 하몽크루아상 맛있고 치아바타 종류별로 먹어봤는데...',                                                                   'https://m.map.kakao.com/scheme/place?id=740243959&reviewid=13262980&openpage=review', 'KAKAO', 'REVIEW', 'UNCHECKED', 'IDLE', '2025-07-21 12:15:00', NOW()),
('kakao-review-13254447', '🌻주원❣️💯🦋🍀',           '대전 빵 투어하다 유명하다고 하여 방문한 꾸드뱅베이커하우스...',                                                                        'https://m.map.kakao.com/scheme/place?id=740243959&reviewid=13254447&openpage=review', 'KAKAO', 'REVIEW', 'UNCHECKED', 'IDLE', '2025-07-19 09:40:00', NOW()),
('kakao-review-13222951', '진짜리뷰',                    '넘 맛있어요 갈때마다 뭐먹을지 고민되고 먹는 것마다 맛있어여ㅎㅎ',                                                                     'https://m.map.kakao.com/scheme/place?id=740243959&reviewid=13222951&openpage=review', 'KAKAO', 'REVIEW', 'UNCHECKED', 'IDLE', '2025-07-15 13:55:00', NOW()),
('kakao-review-12613956', '.',                           '사진은 홀케이크 단면 1번째방문 생크림쉬폰 조각먹음 6500...',                                                                          'https://m.map.kakao.com/scheme/place?id=740243959&reviewid=12613956&openpage=review', 'KAKAO', 'REVIEW', 'UNCHECKED', 'IDLE', '2025-07-15 16:30:00', NOW()),
('kakao-review-13170276', 'chs',                         '여기서 먹은 빵이 계속 생각남 싼 편은 아니지만 ㅅㅈㅎ 이정도 맛이면 그냥 돈내죠',                                                    'https://m.map.kakao.com/scheme/place?id=740243959&reviewid=13170276&openpage=review', 'KAKAO', 'REVIEW', 'UNCHECKED', 'IDLE', '2025-07-08 11:20:00', NOW()),
('kakao-review-13116813', '내뱃기',                      '맛은 괜찮은데 가격은 조금나가구 무엇보다 포장속도가 넘느리다.',                                                                       'https://m.map.kakao.com/scheme/place?id=740243959&reviewid=13116813&openpage=review', 'KAKAO', 'REVIEW', 'UNCHECKED', 'IDLE', '2025-07-01 15:45:00', NOW()),
('kakao-review-13106809', 'zzaero',                      '베이커리류 엄청 비싸지 않고 맛도 괜찮음. 수박주스 맛있음.',                                                                           'https://m.map.kakao.com/scheme/place?id=740243959&reviewid=13106809&openpage=review', 'KAKAO', 'REVIEW', 'UNCHECKED', 'IDLE', '2025-06-29 14:10:00', NOW()),
('kakao-review-12959580', 'Dinnny',                      '종류도 많고 베이커리류 디저트류 다 괜찮아요. 사람이 많은데 비해...',                                                                  'https://m.map.kakao.com/scheme/place?id=740243959&reviewid=12959580&openpage=review', 'KAKAO', 'REVIEW', 'UNCHECKED', 'IDLE', '2025-06-09 16:00:00', NOW()),
('kakao-review-12814563', '룰루랄라잇힛',                '예쁘고 맛있는 빵들이 많이 있네요 ㅎ 피스타치오리본 크루와상...',                                                                     'https://m.map.kakao.com/scheme/place?id=740243959&reviewid=12814563&openpage=review', 'KAKAO', 'REVIEW', 'UNCHECKED', 'IDLE', '2025-05-21 11:25:00', NOW()),
('kakao-review-12807834', '찐맛도리 감별사',             '검색 후 방문했는데 빵 종류도 다양하고 다 맛있어 보이고 이쁘기 까지 했어요...',                                                       'https://m.map.kakao.com/scheme/place?id=740243959&reviewid=12807834&openpage=review', 'KAKAO', 'REVIEW', 'UNCHECKED', 'IDLE', '2025-05-19 14:40:00', NOW()),
('kakao-review-12783087', 'S:D',                         '두시 넘어서 갔더니 사진처럼 처참하다 모카빵이랑 모닝빵 정도밖에 없어서...',                                                          'https://m.map.kakao.com/scheme/place?id=740243959&reviewid=12783087&openpage=review', 'KAKAO', 'REVIEW', 'UNCHECKED', 'IDLE', '2025-05-16 17:30:00', NOW()),
('kakao-review-12770369', '🎶',                         '대전에서 성심당 다음으로 유명하다고 해서 와봤는데 빵종류가 엄청 많아서...',                                                          'https://m.map.kakao.com/scheme/place?id=740243959&reviewid=12770369&openpage=review', 'KAKAO', 'REVIEW', 'UNCHECKED', 'IDLE', '2025-05-14 13:10:00', NOW()),
('kakao-review-12697325', '✨️',                        '케익이나 빵종류가 다양해서 좋은데 매장 공간이 작은편이라서...',                                                                        'https://m.map.kakao.com/scheme/place?id=740243959&reviewid=12697325&openpage=review', 'KAKAO', 'REVIEW', 'UNCHECKED', 'IDLE', '2025-05-05 15:55:00', NOW()),
('kakao-review-12556545', '빵뵹',                        '딸기타르트와 얼그레이쉬폰은 지금 먹고있고 블루베리 쉬폰은 저번주 정도에 먹었습니다...',                                              'https://m.map.kakao.com/scheme/place?id=740243959&reviewid=12556545&openpage=review', 'KAKAO', 'REVIEW', 'UNCHECKED', 'IDLE', '2025-04-16 11:40:00', NOW());

-- ── 네이버 지도 리뷰 (URL 중복으로 author+date 조합을 external_id로 사용)
INSERT IGNORE INTO customer_feedback
  (external_id, author_name, original_text, origin_url, platform, TYPE, STATUS, ai_status, created_at, updated_at)
VALUES
('naver-오렌지가스레인지-20260411', '오렌지가스레인지', '알바생 교육 좀 똑바로 시키세요 빵 하나 포장하는데 10분 걸리고, 포장하는 사람도 없이 계산해서 트레이만 뒤에 주구장창 쌓아두고 회원번호 조회한다더니 그걸 금액으로 결제를 했더라고요', 'https://pcmap.place.naver.com/restaurant/1280150589/review/visitor?reviewSort=recent', 'NAVER', 'REVIEW', 'UNCHECKED', 'IDLE', '2026-04-11 14:20:00', NOW()),
('naver-vjvlapfhdd-20260409',       'vjvlapfhdd',        '',                                                                                                                                                                                                  'https://pcmap.place.naver.com/restaurant/1280150589/review/visitor?reviewSort=recent', 'NAVER', 'REVIEW', 'UNCHECKED', 'IDLE', '2026-04-09 11:30:00', NOW()),
('naver-무말랭이ISTJ-20260407',     '무말랭이ISTJ',      '바쁘신건 이해하는데... 과일 얹은 크림크로와상인데 포장은 예쁘게 조심히 잘 담으셨으면서 포장 후에 쇼핑백에 세게 던져담고 맨 밑에 눌러 담아서 과일도 다 떨어지고 크림 모양도 다 뭉개졌어요.',  'https://pcmap.place.naver.com/restaurant/1280150589/review/visitor?reviewSort=recent', 'NAVER', 'REVIEW', 'UNCHECKED', 'IDLE', '2026-04-07 15:45:00', NOW()),
('naver-나람46-20260407',           '나람46',            '다른 일이나 식당때문에 이 동네를 오더라도 절대 무조건 한번씩 들리게 되는 곳',                                                                                                                     'https://pcmap.place.naver.com/restaurant/1280150589/review/visitor?reviewSort=recent', 'NAVER', 'REVIEW', 'UNCHECKED', 'IDLE', '2026-04-07 10:20:00', NOW()),
('naver-kha1-20260402',             'kha****',           '빵이 정말 맛있어요👍👍👍',                                                                                                                                                                           'https://pcmap.place.naver.com/restaurant/1280150589/review/visitor?reviewSort=recent', 'NAVER', 'REVIEW', 'UNCHECKED', 'IDLE', '2026-04-02 13:10:00', NOW()),
('naver-mrsjindo-20260401',         'mrsjindo',          '빵이 엄청 맛있어요^^',                                                                                                                                                                               'https://pcmap.place.naver.com/restaurant/1280150589/review/visitor?reviewSort=recent', 'NAVER', 'REVIEW', 'UNCHECKED', 'IDLE', '2026-04-01 11:00:00', NOW()),
('naver-키무미소-20260401',         '키무미소',          '갓나온 말차페스츄리롤과 리본빵이 폭력적으로 맛있어요ㅠㅠ 리본빵 겉에는 바삭한 페스츄리랑 안에 피스타치오크림에 작은초코칩들이 들어있고',                                                         'https://pcmap.place.naver.com/restaurant/1280150589/review/visitor?reviewSort=recent', 'NAVER', 'REVIEW', 'UNCHECKED', 'IDLE', '2026-04-01 16:30:00', NOW()),
('naver-yon-20260331',              'yon****',           '빵이 먹을만 합니다',                                                                                                                                                                                 'https://pcmap.place.naver.com/restaurant/1280150589/review/visitor?reviewSort=recent', 'NAVER', 'REVIEW', 'UNCHECKED', 'IDLE', '2026-03-31 12:00:00', NOW()),
('naver-인천가요-20260331',         '인천가요',          '초코마들렌보다는 레몬마들렌이 더 맛있었어요!',                                                                                                                                                       'https://pcmap.place.naver.com/restaurant/1280150589/review/visitor?reviewSort=recent', 'NAVER', 'REVIEW', 'UNCHECKED', 'IDLE', '2026-03-31 14:15:00', NOW()),
('naver-도달산덕-20260329',         '도달산덕',          '오후 늦게 가서 솔드아웃된 빵이 많아서 아쉬웠지만.. 맛있었어요,, 다음엔 일찍가야지 🙂',                                                                                                           'https://pcmap.place.naver.com/restaurant/1280150589/review/visitor?reviewSort=recent', 'NAVER', 'REVIEW', 'UNCHECKED', 'IDLE', '2026-03-29 18:05:00', NOW()),
('naver-kha2-20260329',             'kha****',           '일찍 안가면 빵이 없음 지금까지 몇 종류 못먹어 봤지만 실패한 거 하나도 없이 다 맛있었음 에그타르트는 전문점보다 더 맛있었음👍',                                                                   'https://pcmap.place.naver.com/restaurant/1280150589/review/visitor?reviewSort=recent', 'NAVER', 'REVIEW', 'UNCHECKED', 'IDLE', '2026-03-29 10:40:00', NOW()),
('naver-뿌링맛조음-20260328',       '뿌링맛조음',        '에그타르트가 찐이에요!!!!! 너무 부드럽고 바닐라빈콕콕 너무 맛있고 페스츄리 파삭해요',                                                                                                           'https://pcmap.place.naver.com/restaurant/1280150589/review/visitor?reviewSort=recent', 'NAVER', 'REVIEW', 'UNCHECKED', 'IDLE', '2026-03-28 15:20:00', NOW()),
('naver-ckd-20260328',              'ckd****',           '케이크가 맛맀어요!',                                                                                                                                                                                 'https://pcmap.place.naver.com/restaurant/1280150589/review/visitor?reviewSort=recent', 'NAVER', 'REVIEW', 'UNCHECKED', 'IDLE', '2026-03-28 13:10:00', NOW()),
('naver-행복한르-20260328',         '행복한르',          '몇분 기다려서 두바이더티쵸코 득템했어요!!! 히히',                                                                                                                                                   'https://pcmap.place.naver.com/restaurant/1280150589/review/visitor?reviewSort=recent', 'NAVER', 'REVIEW', 'UNCHECKED', 'IDLE', '2026-03-28 11:45:00', NOW()),
('naver-소소한이웃-20260328',       '소소한 이웃',       '가끔 이용하는 빵집인데, 주말엔 사람이 바글바글~ ㅜㅜ 빵 진열대 주변으로 사람들 옷깃도 스치고, 가방도 스치고..ㅜㅜ',                                                                           'https://pcmap.place.naver.com/restaurant/1280150589/review/visitor?reviewSort=recent', 'NAVER', 'REVIEW', 'UNCHECKED', 'IDLE', '2026-03-28 17:00:00', NOW()),
('naver-jychrissy-20260325',        'jychrissy',         'The ribbon pistachio bread was sold out so I got the egg tart, cheese tart and salted bread which are all soooo good!',                                                                             'https://pcmap.place.naver.com/restaurant/1280150589/review/visitor?reviewSort=recent', 'NAVER', 'REVIEW', 'UNCHECKED', 'IDLE', '2026-03-25 14:30:00', NOW()),
('naver-인천가요-20260324',         '인천가요',          '핫플이라 그런지 평일 오전에도 사람이 많네요!',                                                                                                                                                       'https://pcmap.place.naver.com/restaurant/1280150589/review/visitor?reviewSort=recent', 'NAVER', 'REVIEW', 'UNCHECKED', 'IDLE', '2026-03-24 10:50:00', NOW()),
('naver-허거덩씨-20260323',         '허거덩씨',          '오늘 오후 7시 5분 계산해주신 여자 직원분. 케익주문해서 결제하는동안 포장하실때 갑자기 종이가방 접혀있는걸 저희 쪽으로 툭 던지더라고요?',                                                       'https://pcmap.place.naver.com/restaurant/1280150589/review/visitor?reviewSort=recent', 'NAVER', 'REVIEW', 'UNCHECKED', 'IDLE', '2026-03-23 19:10:00', NOW()),
('naver-밥찡구-20260322',           '밥찡구',            '구움과자, 건강빵, 모든 게 다 맛있어요.. 품절이 빨라서 아쉬울 뿐이에요!🥹💕',                                                                                                                     'https://pcmap.place.naver.com/restaurant/1280150589/review/visitor?reviewSort=recent', 'NAVER', 'REVIEW', 'UNCHECKED', 'IDLE', '2026-03-22 16:20:00', NOW()),
('naver-s-20260321',                's_****',            '오직 에그타르트만을 위해 달려간곳.. 하루에 3번나오는데 딱 나올때 기다렸다가 안에서 줄서있으면 시간맞춰서 트레이에 들고오셔서 갯수물어보시고 직접 담아주신다',                               'https://pcmap.place.naver.com/restaurant/1280150589/review/visitor?reviewSort=recent', 'NAVER', 'REVIEW', 'UNCHECKED', 'IDLE', '2026-03-21 11:30:00', NOW()),
('naver-뚱식가-20260321',           '뚱식가',            '리본 빵? 기대 안했는데 맛있어요! 토요일 2시쯔음 갔더니 아쉽게도 타르트는 이미 품절ㅠ',                                                                                                         'https://pcmap.place.naver.com/restaurant/1280150589/review/visitor?reviewSort=recent', 'NAVER', 'REVIEW', 'UNCHECKED', 'IDLE', '2026-03-21 14:10:00', NOW()),
('naver-GY85-20260321',             'GY85',              '리본은 별로. 겉도는 느끼함이 있어서 탄산을 불러요. 치즈모찌랑 휘낭시에 추천입니다.',                                                                                                             'https://pcmap.place.naver.com/restaurant/1280150589/review/visitor?reviewSort=recent', 'NAVER', 'REVIEW', 'UNCHECKED', 'IDLE', '2026-03-21 16:00:00', NOW()),
('naver-키무미소-20260320',         '키무미소',          '😋😋😋',                                                                                                                                                                                             'https://pcmap.place.naver.com/restaurant/1280150589/review/visitor?reviewSort=recent', 'NAVER', 'REVIEW', 'UNCHECKED', 'IDLE', '2026-03-20 12:45:00', NOW()),
('naver-ara-20260319',              'ara****',           '빵맛집',                                                                                                                                                                                             'https://pcmap.place.naver.com/restaurant/1280150589/review/visitor?reviewSort=recent', 'NAVER', 'REVIEW', 'UNCHECKED', 'IDLE', '2026-03-19 15:30:00', NOW()),
('naver-무념무상68-20260318',       '무념무상68',        '',                                                                                                                                                                                                  'https://pcmap.place.naver.com/restaurant/1280150589/review/visitor?reviewSort=recent', 'NAVER', 'REVIEW', 'UNCHECKED', 'IDLE', '2026-03-18 10:20:00', NOW()),
('naver-chl-20260317',              'chl****',           '평일 오후에 가니 대기 없이 바로 들어가서 빵을 구매할 수 있었어요. 빠진 빵들도 많아 아쉬웠지만 맛난 빵들이 꽤 있어서 괜찮았습니다.',                                                           'https://pcmap.place.naver.com/restaurant/1280150589/review/visitor?reviewSort=recent', 'NAVER', 'REVIEW', 'UNCHECKED', 'IDLE', '2026-03-17 16:40:00', NOW()),
('naver-이는성-20260316',           '이는성',            '찹쌀곶감파이랑 마롱밤파이가 너무너무 맛있었어요 둘다 겉바속촉에 한쪽은 쫀득하고 하나는 밤향이 향긋하고 고급지게 달아서 진짜로 감동적인 맛ㅠ',                                                 'https://pcmap.place.naver.com/restaurant/1280150589/review/visitor?reviewSort=recent', 'NAVER', 'REVIEW', 'UNCHECKED', 'IDLE', '2026-03-16 16:10:00', NOW()),
('naver-jy95968993-20260315',       'jy95968993',        '일요일 오후에 가니 빵이 없음, 장사를 안하는건가? 싶은 분위기… 둔산점은 서비스 마인드 교육이 하나도 안된듯함',                                                                                   'https://pcmap.place.naver.com/restaurant/1280150589/review/visitor?reviewSort=recent', 'NAVER', 'REVIEW', 'UNCHECKED', 'IDLE', '2026-03-15 17:20:00', NOW()),
('naver-지니-20260315',             '지 니',             '하나 먹고 맛있어서 또 결제하고, 또 맛있어서 총 세번이나 결제하고 먹은 빵집 … 💛',                                                                                                               'https://pcmap.place.naver.com/restaurant/1280150589/review/visitor?reviewSort=recent', 'NAVER', 'REVIEW', 'UNCHECKED', 'IDLE', '2026-03-15 14:50:00', NOW()),
('naver-파랑새503-20260314',        '파랑새503',         '맛이 없는게 없을 정도로 너무 맛있네요 애그타르트는 최고였어요 일찍 방문해서 아침으로 먹고 남은건 포장했어요 👍',                                                                             'https://pcmap.place.naver.com/restaurant/1280150589/review/visitor?reviewSort=recent', 'NAVER', 'REVIEW', 'UNCHECKED', 'IDLE', '2026-03-14 09:30:00', NOW()),
('naver-미스터화이트-20260314',     '미스터화이트',      '대전꾸드뱅 베이커스 하우스는 인생 에그타르트입니다 바닐라 플랑 에그타르트는 겹겹이 쌓인 페이스트리 결이 입안에서 바스락하게 터지는 식감이 압권입니다',                                   'https://pcmap.place.naver.com/restaurant/1280150589/review/visitor?reviewSort=recent', 'NAVER', 'REVIEW', 'UNCHECKED', 'IDLE', '2026-03-14 12:15:00', NOW()),
('naver-MoonShot9-20260312',        'MoonShot9',         '반석에서 유명한 꾸드뱅이 둔산에도! 간소한 생일을 보내야 하는 사람들에게 꾸드뱅 미니 케이크 만한 선택이 없어요.',                                                                             'https://pcmap.place.naver.com/restaurant/1280150589/review/visitor?reviewSort=recent', 'NAVER', 'REVIEW', 'UNCHECKED', 'IDLE', '2026-03-12 11:40:00', NOW()),
('naver-TtB-20260312',              'TtB',               '산책하다가 에그타르트가 맛있어보여서 들렀다. 두툼한 높이에 겹겹히 쌓인 시트지와 안에 가득찬 크림에 달달한 바닐라 향이 식욕을 돋군다.',                                                       'https://pcmap.place.naver.com/restaurant/1280150589/review/visitor?reviewSort=recent', 'NAVER', 'REVIEW', 'UNCHECKED', 'IDLE', '2026-03-12 15:00:00', NOW()),
('naver-여늬-20260308',             '여늬',              '주말 오후 1시여도 메인 빵들이 재고가 얼마 없어요. 에타는 비싸도 여기 맛도리',                                                                                                                   'https://pcmap.place.naver.com/restaurant/1280150589/review/visitor?reviewSort=recent', 'NAVER', 'REVIEW', 'UNCHECKED', 'IDLE', '2026-03-08 13:20:00', NOW()),
('naver-Bbeeyo-20260307',           'Bbeeyo',            '꾸드뱅 빵 맛있다고해서 웨이팅해서 들어갔는데 벌써 앞쪽은 다 팔렸더라구요ㅠㅠ 크림치즈바질바게트 빵이 진짜 고소하고 안에 들은 내용물이랑 너무 잘어울려서 너무 맛있었어요!',             'https://pcmap.place.naver.com/restaurant/1280150589/review/visitor?reviewSort=recent', 'NAVER', 'REVIEW', 'UNCHECKED', 'IDLE', '2026-03-07 14:10:00', NOW()),
('naver-하이킥-20260307',           '하이킥진짜재밌음',  '빵 포장해서 왔어요!ㅜㅜ 주말 점심에 방문했는데 매장 이용, 포장하러 손님들이 가득했어요!!',                                                                                                   'https://pcmap.place.naver.com/restaurant/1280150589/review/visitor?reviewSort=recent', 'NAVER', 'REVIEW', 'UNCHECKED', 'IDLE', '2026-03-07 11:50:00', NOW()),
('naver-호이호이222-20260304',      '호이호이222',       '갈때마다 에그타르트가 다나가고 없어서 빵 나오는 시간(10시30분) 맞춰서 갔어요!ㅎㅎㅎ 리본크로와상도 유명하길래 같이 먹었는데 안에 땅콩크림이 있어서 달달하고 맛있더라구요👍🏼',       'https://pcmap.place.naver.com/restaurant/1280150589/review/visitor?reviewSort=recent', 'NAVER', 'REVIEW', 'UNCHECKED', 'IDLE', '2026-03-04 10:45:00', NOW()),
('naver-B237-20260302',             'B237',              '에그타르트 맛있어요',                                                                                                                                                                               'https://pcmap.place.naver.com/restaurant/1280150589/review/visitor?reviewSort=recent', 'NAVER', 'REVIEW', 'UNCHECKED', 'IDLE', '2026-03-02 15:30:00', NOW()),
('naver-kerrypark-20260301',        'kerry park',        '집 근처인데 매번 갈때마다 사람도 너무 많고, 빵도 많이 없어서 아쉬운 부분도 많지만 ㅋㅋ 그래도 빵이 맛있어서 잘 이용하고 있습니다.',                                                       'https://pcmap.place.naver.com/restaurant/1280150589/review/visitor?reviewSort=recent', 'NAVER', 'REVIEW', 'UNCHECKED', 'IDLE', '2026-03-01 12:40:00', NOW()),
('naver-은5996-20260301',           '은5996',            '이럴거면 케이크 픽업예약을 왜 받아요 계산도 대기하고 포장도 대기하고 마지막 직원은 인사도 없고요',                                                                                           'https://pcmap.place.naver.com/restaurant/1280150589/review/visitor?reviewSort=recent', 'NAVER', 'REVIEW', 'UNCHECKED', 'IDLE', '2026-03-01 17:00:00', NOW()),
('naver-RohM-20260225',             'RohM',              '하루전에 예약하면 바로 구입할 수 있어서 성심당보단 꾸드뱅을 자주 이용합니다. 기념일에 자주 방문하겠습니다.',                                                                                 'https://pcmap.place.naver.com/restaurant/1280150589/review/visitor?reviewSort=recent', 'NAVER', 'REVIEW', 'UNCHECKED', 'IDLE', '2026-02-25 14:10:00', NOW()),
('naver-째째수리-20260224',         '째째수리',          '휘낭시에가 너무 먹고싶어서 다녀왔어요~ 눈오는 날에도 북적북적합니다 ㅎㅎ 꾸드뱅 빵도 구움과자도 다 맛있지만 커피가 진짜 맛있어요ㅎㅎ',                                                   'https://pcmap.place.naver.com/restaurant/1280150589/review/visitor?reviewSort=recent', 'NAVER', 'REVIEW', 'UNCHECKED', 'IDLE', '2026-02-24 13:50:00', NOW()),
('naver-s1-20260223',               's1****',            '예전부터 좋아해서 사먹는 빵집이네요 ~~ 7년째 다니는 것 같은데 가까이 생겨 좋아요 !! 신메뉴까지 구매해서 갑니다 😊',                                                                       'https://pcmap.place.naver.com/restaurant/1280150589/review/visitor?reviewSort=recent', 'NAVER', 'REVIEW', 'UNCHECKED', 'IDLE', '2026-02-23 11:20:00', NOW()),
('naver-밥찡구-20260222',           '밥찡구',            '언제나 달콤하고 맛있는 꾸드뱅 방문! 비싸도 그만큼 맛있어서 꾸준히 방문하게 돼요🥰',                                                                                                       'https://pcmap.place.naver.com/restaurant/1280150589/review/visitor?reviewSort=recent', 'NAVER', 'REVIEW', 'UNCHECKED', 'IDLE', '2026-02-22 15:40:00', NOW()),
('naver-Ella2523-20260221',         'Ella2523',          '남다른 에그타르트..⭐️ 다음에는 꾸드뱅 미니 망고케이크도 먹어보고싶어요',                                                                                                                     'https://pcmap.place.naver.com/restaurant/1280150589/review/visitor?reviewSort=recent', 'NAVER', 'REVIEW', 'UNCHECKED', 'IDLE', '2026-02-21 16:50:00', NOW());

-- ══════════════════════════════════════════════════════
-- 17. sns_guides 시드 데이터
--     출처: 콘텐츠_생성_가이드_0420.sql
-- ══════════════════════════════════════════════════════
INSERT IGNORE INTO sns_guides (platform, guide_details) VALUES
('instagram',
 '[{"content": "평일 오전: 출근 후 짧은 여유 시간대에 맞춰 게시물을 업로드해 보세요.", "bestTime": "10:00~12:00"},
   {"content": "평일 저녁: 퇴근 후 스크롤 피크 타임입니다. 목요일 밤은 참여도가 특히 높습니다.", "bestTime": "19:00~22:00"},
   {"content": "주말: 오프라인 활동 전후 여유 시간대에 맞춘 콘텐츠가 효과적입니다.", "bestTime": "토 15:00 / 일 12:00~15:00"},
   {"content": "릴스 특화: 짧은 영상 소비가 폭발적으로 일어나는 시간대를 공략하세요.", "bestTime": "11:00~14:00 / 18:00~"}]'),
('facebook',
 '[{"content": "평일 오전: 짧은 휴식 중 뉴스피드를 확인하는 유저들을 타겟팅하세요.", "bestTime": "09:00~12:00"},
   {"content": "평일 저녁: 퇴근 직전과 직후, 하루를 마무리하는 피크 타임입니다.", "bestTime": "17:00 전후"},
   {"content": "참여 최적 요일: 화요일에서 목요일 오전 시간대가 가장 반응이 좋습니다.", "bestTime": "화~목 오전"}]'),
('naver',
 '[{"content": "평일 오전: 점심시간 직전 검색 트래픽 유입이 가장 활발한 골든타임입니다.", "bestTime": "12:00~13:00"},
   {"content": "평일 저녁: 이웃들이 여유롭게 피드를 열람하는 시간대에 맞춰 발행하세요.", "bestTime": "20:00~22:00"},
   {"content": "주말: 사용자들이 정보를 심도 있게 탐색하는 여유로운 오전 시간대입니다.", "bestTime": "10:00~12:00"}]'),
('kakao',
 '[{"content": "평일 오전: 점심 메뉴를 고르거나 휴식 중일 때 메시지 확인률이 가장 높습니다.", "bestTime": "11:00~12:00"},
   {"content": "평일 저녁: 하루 일과를 마치고 퇴근하는 길에 카카오톡 확인이 잦아집니다.", "bestTime": "19:00~21:00"},
   {"content": "주말: 약속 장소로 이동하거나 휴식을 취하는 토요일 오후 시간대를 활용하세요.", "bestTime": "토 14:00~16:00"}]'),
('community',
 '[{"content": "평일 오전: 점심시간을 활용해 커뮤니티에 접속하는 유저가 많습니다.", "bestTime": "12:00~13:00"},
   {"content": "평일 저녁: 커뮤니티 특유의 심야 트래픽이 집중되는 시간대를 공략하세요.", "bestTime": "21:00~23:00"},
   {"content": "주말: 사용자들이 다양한 주제를 탐색하며 활동하는 오후 시간대입니다.", "bestTime": "14:00~18:00"}]');

-- ══════════════════════════════════════════════════════
-- 18. keywords 시드 데이터
--     출처: 업종별_키워드_0420.sql
--     DEFAULT: 일반 업종 INSERT 완료 후 SELECT DISTINCT로 생성
-- ══════════════════════════════════════════════════════
INSERT IGNORE INTO keywords (industry_code, category, name) VALUES
('CAFE',    '기본',    '감성'),         ('CAFE',    '기본',    '가성비'),        ('CAFE',    '기본',    '신메뉴'),
('CAFE',    '기본',    '위치'),         ('CAFE',    '기본',    '맛집'),          ('CAFE',    '기본',    '분위기'),
('FOOD',    '기본',    '맛집'),         ('FOOD',    '기본',    '가성비'),        ('FOOD',    '기본',    '감성'),
('FOOD',    '기본',    '신메뉴'),       ('FOOD',    '기본',    '분위기'),        ('FOOD',    '기본',    '단체모임'),
('BEAUTY',  '서비스',  '시술'),         ('BEAUTY',  '위생',    '위생'),          ('BEAUTY',  '보안',    '프라이버시'),
('BEAUTY',  '가격',    '비용 합리성'),  ('BEAUTY',  '전문성',  '상담 전문성'),   ('BEAUTY',  '맞춤',    '고객맞춤'),
('BEAUTY',  '관리',    '사후 관리'),    ('BEAUTY',  '트렌드',  '트렌드 민감도'), ('BEAUTY',  '신뢰',    '평판'),
('FASHION', '스타일',  '스타일'),       ('FASHION', '품질',    '품질'),          ('FASHION', '서비스',  '서비스'),
('FASHION', '접근성',  '접근성'),       ('FASHION', '배송',    '배송 및 반품'),  ('FASHION', '스타일링','스타일링'),
('FASHION', '신뢰',    '평판'),
('STAY',    '공간',    '공간'),         ('STAY',    '위생',    '청결'),          ('STAY',    '분위기',  '분위기'),
('STAY',    '가격',    '가성비'),       ('STAY',    '시설',    '부대시설'),      ('STAY',    '조망',    '조망권'),
('STAY',    '보안',    '프라이버시'),   ('STAY',    '편의',    '어메니티'),      ('STAY',    '서비스',  '호스트 서비스'),
('SPORTS',  '강의',    '티칭'),         ('SPORTS',  '위생',    '청결'),          ('SPORTS',  '분위기',  '분위기'),
('SPORTS',  '이벤트',  '이벤트'),       ('SPORTS',  '접근성',  '접근 편의성'),   ('SPORTS',  '시설',    '설비'),
('EDU',     '역량',    '강사진 역량'),  ('EDU',     '환경',    '학습 환경'),     ('EDU',     '커리큘럼','커리큘럼'),
('EDU',     '가격',    '수강료'),       ('EDU',     '위치',    '통학'),          ('EDU',     '신뢰',    '신뢰도'),
('EDU',     '정보',    '정보력'),       ('EDU',     '소통',    '학부모 소통'),   ('EDU',     '분위기',  '분위기'),
('MED',     '전문성',  '전문성'),       ('MED',     '위생',    '청결'),          ('MED',     '신뢰',    '신뢰도'),
('MED',     '가격',    '가성비'),       ('MED',     '위치',    '위치/시간'),     ('MED',     '상담',    '상담/구독'),
('RETAIL',  '품질',    '품질'),         ('RETAIL',  '가격',    '가성비'),        ('RETAIL',  '배송',    '배송'),
('RETAIL',  '위생',    '청결'),         ('RETAIL',  '이벤트',  '프로모션'),      ('RETAIL',  '신뢰',    '재고 신뢰도');

-- DEFAULT: 전체 키워드 중복 제거 후 삽입
INSERT IGNORE INTO keywords (industry_code, category, name)
SELECT DISTINCT 'DEFAULT', '전체', name FROM keywords;

SET FOREIGN_KEY_CHECKS = 1;